freq,ceparema,unit,geo\TIME_PERIOD,2006,2007,2008,2009,2010,2011,2012,2013,2014,2015,2016,2017,2018,2019,2020,2021,2022,2023,2024
A,CEPA1,MIO_EUR,AT,,,,,,,,7.4,5.8,9.3,7.5,13.9,14.3,10.1,12.5,16.3,20.8,,
A,CEPA1,MIO_EUR,BA,,,,,,,,,,,,,,,,,0.0,,
A,CEPA1,MIO_EUR,BE,,,,,,,,,10.2,14.3,17.1,16.4,16.0,20.4,24.9,28.2,45.1,,
A,CEPA1,MIO_EUR,BG,0.0,0.0,0.0,0.0,0.0,0.0,0.0,0.0,0.0,0.1,0.1,0.0,0.0,0.0,0.3,0.0,0.0,,
A,CEPA1,MIO_EUR,CH,,,,,,,,,5.8,8.4,3.9,3.2,4.2,3.3,6.3,7.2,6.7,,
A,CEPA1,MIO_EUR,CY,,,,,,,,,,,,,0.0,0.0,0.0,0.0,0.0,,
A,CEPA1,MIO_EUR,CZ,,,,,,,,,,,,,2.4,2.4,2.9,3.0,5.1,,
A,CEPA1,MIO_EUR,DE,,,,,,,,,,,,,0.0,0.0,0.0,0.0,0.0,,
A,CEPA1,MIO_EUR,DK,,,,,,,,,,,,,0.0,0.0,0.0,0.0,0.0,,
A,CEPA1,MIO_EUR,EE,,,,,,,,,6.2,1.3,1.8,1.9,3.0,0.8,1.3,1.5,0.8,,
A,CEPA1,MIO_EUR,EL,,,,,,,,,0.0,0.0,0.0,0.0,0.0,0.0,0.0,0.0,0.0,,
A,CEPA1,MIO_EUR,ES,,,,,,,,,0.0,0.0,0.0,0.0,0.0,0.0,0.0,0.0,0.0,0.0,
A,CEPA1,MIO_EUR,EU27_2020,140.5,136.6,128.4,123.8,121.3,125.1,139.3,121.5,124.2,104.9,98.8,145.7,161.9,152.7,119.8,144.3,201.2,198.5,204.0
A,CEPA1,MIO_EUR,FI,,,,,,,,,0.0,0.0,0.0,0.0,0.0,0.0,0.0,0.0,0.0,,
A,CEPA1,MIO_EUR,FR,0.0,0.0,0.0,0.0,0.0,0.0,0.0,0.0,0.0,0.0,0.0,0.0,0.0,0.0,0.0,0.0,0.0,,
A,CEPA1,MIO_EUR,HR,,,,,,,,,0.3,0.2,0.2,0.2,0.0,0.0,0.1,0.0,0.0,,
A,CEPA1,MIO_EUR,HU,,,,,,,,,,,,,0.0,0.0,0.0,0.0,0.0,,
A,CEPA1,MIO_EUR,IE,,,,,,,,,0.0,0.0,0.0,0.0,0.0,0.0,0.0,0.0,0.0,,
A,CEPA1,MIO_EUR,IS,,,,,,,,,0.1,0.1,0.1,0.1,0.1,0.1,0.1,0.1,0.1,,
A,CEPA1,MIO_EUR,IT,,,,,,,,,,,27.7,32.3,37.6,41.1,34.3,44.2,65.1,,
A,CEPA1,MIO_EUR,LT,,,,,1.4,6.8,7.4,16.7,15.1,1.0,1.9,10.5,5.5,0.7,5.7,11.2,6.1,,
A,CEPA1,MIO_EUR,LU,,,,,,,,,0.0,0.0,0.0,0.0,0.0,0.0,0.0,0.0,0.0,,
A,CEPA1,MIO_EUR,LV,,,0.0,0.1,0.3,0.5,6.7,1.1,3.7,3.7,0.4,0.2,0.3,1.5,1.8,0.8,0.2,,
A,CEPA1,MIO_EUR,MK,,,,,,,,,,,,,,,7.3,12.9,,,
A,CEPA1,MIO_EUR,MT,,,,,,,,0.0,0.0,0.0,0.0,0.0,0.0,0.0,0.0,0.0,0.0,,
A,CEPA1,MIO_EUR,NL,,,,,,,,,,,,,0.0,0.0,0.0,0.0,0.0,,
A,CEPA1,MIO_EUR,NO,,,,,,,,,,,,,0.0,0.0,0.0,0.0,0.0,,
A,CEPA1,MIO_EUR,PL,,,,,3.4,2.5,12.5,4.3,13.2,5.6,2.8,2.0,3.5,4.3,2.3,4.8,9.7,,
A,CEPA1,MIO_EUR,PT,,,,,,,,,2.8,1.8,2.3,9.8,15.4,5.8,9.3,12.9,10.0,,
A,CEPA1,MIO_EUR,RO,0.8,1.1,0.4,1.8,1.3,2.7,1.3,0.9,0.1,1.9,0.0,0.0,0.1,0.5,0.0,0.0,0.0,,
A,CEPA1,MIO_EUR,RS,,,,,,,,,0.0,0.0,0.0,0.0,0.0,0.0,0.0,0.0,0.0,,
A,CEPA1,MIO_EUR,SE,,,,,,,,,,,0.0,0.0,0.0,0.0,0.0,0.0,0.0,,
A,CEPA1,MIO_EUR,SI,,,0.1,0.1,0.1,0.3,0.2,0.0,0.3,0.1,0.0,0.2,0.0,0.9,0.0,0.0,0.0,,
A,CEPA1,MIO_EUR,SK,,,,,,,,,,,35.4,56.5,64.0,64.4,24.6,21.5,38.2,,
A,CEPA1,MIO_NAC,AT,,,,,,,,7.4,5.8,9.3,7.5,13.9,14.3,10.1,12.5,16.3,20.8,,
A,CEPA1,MIO_NAC,BA,,,,,,,,,,,,,,,,,0.0,,
A,CEPA1,MIO_NAC,BE,,,,,,,,,10.2,14.3,17.1,16.4,16.0,20.4,24.9,28.2,45.1,,
A,CEPA1,MIO_NAC,BG,0.0,0.0,0.0,0.0,0.0,0.0,0.0,0.0,0.0,0.1,0.1,0.0,0.0,0.0,0.3,0.0,0.0,,
A,CEPA1,MIO_NAC,CH,,,,,,,,,7.0,8.9,4.3,3.6,4.9,3.6,6.8,7.8,6.8,,
A,CEPA1,MIO_NAC,CY,,,,,,,,,,,,,0.0,0.0,0.0,0.0,0.0,,
A,CEPA1,MIO_NAC,CZ,,,,,,,,,,,,,60.5,61.3,77.3,76.7,124.1,,
A,CEPA1,MIO_NAC,DE,,,,,,,,,,,,,0.0,0.0,0.0,0.0,0.0,,
A,CEPA1,MIO_NAC,DK,,,,,,,,,,,,,0.0,0.0,0.0,0.0,0.0,,
A,CEPA1,MIO_NAC,EE,,,,,,,,,6.2,1.3,1.8,1.9,3.0,0.8,1.3,1.5,0.8,,
A,CEPA1,MIO_NAC,EL,,,,,,,,,0.0,0.0,0.0,0.0,0.0,0.0,0.0,0.0,0.0,,
A,CEPA1,MIO_NAC,ES,,,,,,,,,0.0,0.0,0.0,0.0,0.0,0.0,0.0,0.0,0.0,0.0,
A,CEPA1,MIO_NAC,EU27_2020,140.5,136.6,128.4,123.8,121.3,125.1,139.3,121.5,124.2,104.9,98.8,145.7,161.9,152.7,119.8,144.3,201.2,198.5,204.0
A,CEPA1,MIO_NAC,FI,,,,,,,,,0.0,0.0,0.0,0.0,0.0,0.0,0.0,0.0,0.0,,
A,CEPA1,MIO_NAC,FR,0.0,0.0,0.0,0.0,0.0,0.0,0.0,0.0,0.0,0.0,0.0,0.0,0.0,0.0,0.0,0.0,0.0,,
A,CEPA1,MIO_NAC,HR,,,,,,,,,0.4,0.2,0.2,0.2,0.0,0.0,0.1,0.0,0.0,,
A,CEPA1,MIO_NAC,HU,,,,,,,,,,,,,0.0,0.0,0.0,0.0,0.0,,
A,CEPA1,MIO_NAC,IE,,,,,,,,,0.0,0.0,0.0,0.0,0.0,0.0,0.0,0.0,0.0,,
A,CEPA1,MIO_NAC,IS,,,,,,,,,14.0,21.2,13.3,15.0,16.1,16.6,16.4,18.9,18.8,,
A,CEPA1,MIO_NAC,IT,,,,,,,,,,,27.7,32.3,37.6,41.1,34.3,44.2,65.1,,
A,CEPA1,MIO_NAC,LT,,,,,1.4,6.8,7.4,16.7,15.1,1.0,1.9,10.5,5.5,0.7,5.7,11.2,6.1,,
A,CEPA1,MIO_NAC,LU,,,,,,,,,0.0,0.0,0.0,0.0,0.0,0.0,0.0,0.0,0.0,,
A,CEPA1,MIO_NAC,LV,,,0.0,0.1,0.3,0.5,6.7,1.1,3.7,3.7,0.4,0.2,0.3,1.5,1.8,0.8,0.2,,
A,CEPA1,MIO_NAC,MK,,,,,,,,,,,,,,,447.8,796.8,,,
A,CEPA1,MIO_NAC,MT,,,,,,,,0.0,0.0,0.0,0.0,0.0,0.0,0.0,0.0,0.0,0.0,,
A,CEPA1,MIO_NAC,NL,,,,,,,,,,,,,0.0,0.0,0.0,0.0,0.0,,
A,CEPA1,MIO_NAC,NO,,,,,,,,,,,,,0.0,0.0,0.0,0.0,0.0,,
A,CEPA1,MIO_NAC,PL,,,,,13.6,10.2,52.5,18.3,55.1,23.4,12.1,8.7,14.7,18.4,10.1,21.8,45.4,,
A,CEPA1,MIO_NAC,PT,,,,,,,,,2.8,1.8,2.3,9.8,15.4,5.8,9.3,12.9,10.0,,
A,CEPA1,MIO_NAC,RO,2.7,3.7,1.3,7.7,5.7,11.4,5.8,4.2,0.6,8.3,0.0,0.0,0.3,2.3,0.2,0.0,0.0,,
A,CEPA1,MIO_NAC,RS,,,,,,,,,0.0,0.0,0.0,0.0,0.0,0.0,0.0,0.0,0.0,,
A,CEPA1,MIO_NAC,SE,,,,,,,,,,,0.0,0.0,0.0,0.0,0.0,0.0,0.0,,
A,CEPA1,MIO_NAC,SI,,,0.1,0.1,0.1,0.3,0.2,0.0,0.3,0.1,0.0,0.2,0.0,0.9,0.0,0.0,0.0,,
A,CEPA1,MIO_NAC,SK,,,,,,,,,,,35.4,56.5,64.0,64.4,24.6,21.5,38.2,,
A,CEPA112_122,MIO_EUR,MT,,,,,,,,,0.0,0.0,0.0,0.0,0.0,0.0,0.0,0.0,0.0,,
A,CEPA112_122,MIO_EUR,SI,,,,,,,,,,,,,,0.0,0.0,0.0,0.0,,
A,CEPA112_122,MIO_NAC,MT,,,,,,,,,0.0,0.0,0.0,0.0,0.0,0.0,0.0,0.0,0.0,,
A,CEPA112_122,MIO_NAC,SI,,,,,,,,,,,,,,0.0,0.0,0.0,0.0,,
A,CEPA2,MIO_EUR,AT,660.6,662.1,619.3,570.6,484.2,443.8,432.6,411.8,95.7,118.2,109.9,449.8,492.8,530.1,473.6,513.4,484.6,,
A,CEPA2,MIO_EUR,BA,,,,,,,,,,,,,,,,,0.5,,
A,CEPA2,MIO_EUR,BE,,,,,,,,,61.0,60.6,60.6,72.5,89.7,93.3,89.3,80.5,104.1,,
A,CEPA2,MIO_EUR,BG,14.5,36.0,59.3,0.9,5.9,25.9,4.3,4.0,2.3,2.2,0.9,1.2,0.8,0.4,0.4,8.0,7.0,,
A,CEPA2,MIO_EUR,CH,,,,,,,,,238.5,160.9,183.3,181.6,184.4,191.1,216.7,219.4,239.4,,
A,CEPA2,MIO_EUR,CY,,,,,92.2,91.9,92.0,87.1,14.7,24.2,14.8,38.7,0.4,0.8,0.4,0.2,0.0,,
A,CEPA2,MIO_EUR,CZ,,,,,,,21.3,15.3,14.7,12.3,13.7,16.6,12.2,15.9,15.5,24.1,25.0,,
A,CEPA2,MIO_EUR,DE,,,,,4236.0,4163.0,4434.0,4154.0,4777.0,4283.0,4192.0,4765.0,5310.0,5321.8,5657.0,5021.0,5489.0,,
A,CEPA2,MIO_EUR,DK,312.5,439.1,498.2,421.9,588.3,662.5,669.0,794.3,515.1,898.5,869.3,994.4,791.6,782.7,914.7,1007.4,1012.4,,
A,CEPA2,MIO_EUR,EE,,,,,,,,,74.2,44.2,29.8,20.0,29.0,31.2,38.9,38.4,57.2,,
A,CEPA2,MIO_EUR,EL,,,,,,,,,11.1,3.7,5.6,3.6,2.9,3.4,4.0,2.2,2.8,,
A,CEPA2,MIO_EUR,ES,,,,,586.5,311.4,179.1,148.4,126.9,129.6,114.4,102.5,86.0,96.2,91.5,118.0,134.9,142.0,
A,CEPA2,MIO_EUR,EU27_2020,9147.2,9335.1,9503.2,8981.2,9009.4,8700.5,8943.2,8407.3,8376.7,8439.4,7673.7,8772.0,9452.6,10182.2,10413.5,10511.6,11605.2,12145.1,12320.2
A,CEPA2,MIO_EUR,FI,,,,,,,,,208.0,149.0,166.0,125.0,181.0,122.0,133.0,135.0,132.0,,
A,CEPA2,MIO_EUR,FR,541.8,645.6,597.1,641.8,571.6,884.9,584.7,615.1,342.5,113.6,138.7,98.6,144.5,416.2,265.7,266.0,224.2,,
A,CEPA2,MIO_EUR,HR,,,,,,,,,16.6,20.8,23.8,14.2,19.1,20.5,22.6,25.5,24.4,,
A,CEPA2,MIO_EUR,HU,,,,,,,,,239.3,227.1,129.8,124.1,131.0,184.2,163.5,174.3,268.1,,
A,CEPA2,MIO_EUR,IE,,,1.8,1.5,1.1,1.0,1.1,1.1,1.2,1.0,1.0,3.6,1.0,1.4,1.4,3.0,1.8,,
A,CEPA2,MIO_EUR,IS,,,,,,,,,4.7,8.1,14.9,14.7,12.0,12.9,13.5,15.8,21.7,,
A,CEPA2,MIO_EUR,IT,,,679.3,684.8,757.4,683.2,844.8,655.7,655.9,892.9,1006.5,1147.7,1184.4,1368.0,1299.0,1777.8,2106.9,,
A,CEPA2,MIO_EUR,LT,,,,,55.4,71.7,33.4,33.2,37.7,17.8,8.4,18.8,27.0,63.3,77.4,62.1,80.0,,
A,CEPA2,MIO_EUR,LU,,,73.6,86.5,58.6,70.1,70.8,98.9,107.2,105.5,123.3,160.4,190.7,175.3,192.9,190.1,222.8,,
A,CEPA2,MIO_EUR,LV,,,88.9,50.5,19.3,17.4,51.2,37.8,50.2,47.5,11.8,26.0,16.3,30.1,34.8,48.9,21.2,,
A,CEPA2,MIO_EUR,MK,,,,,,,,,,,,,,,41.6,40.6,,,
A,CEPA2,MIO_EUR,MT,,,,,,,,0.8,0.2,7.1,0.5,3.4,22.7,22.3,20.8,22.7,24.8,,
A,CEPA2,MIO_EUR,NL,,,,,,,,35.9,70.1,26.4,91.5,56.6,32.8,36.3,122.5,155.7,73.4,,
A,CEPA2,MIO_EUR,NO,,,,,,,,,21.1,16.4,8.9,7.0,19.2,25.5,36.9,14.5,43.2,,
A,CEPA2,MIO_EUR,PL,,,,,601.0,404.8,645.4,460.1,659.3,760.9,218.1,251.6,409.9,537.8,505.9,514.7,562.2,,
A,CEPA2,MIO_EUR,PT,,,,,,,,,55.1,87.6,9.8,49.9,85.0,96.4,127.5,147.2,207.7,,
A,CEPA2,MIO_EUR,RO,1.1,2.4,2.4,6.6,7.1,9.6,2.9,1.8,2.5,5.0,0.1,1.0,1.4,0.9,1.4,1.1,3.4,,
A,CEPA2,MIO_EUR,RS,,,,,,,,,0.0,0.0,0.0,0.0,0.0,0.0,0.0,0.1,0.1,,
A,CEPA2,MIO_EUR,SE,37.7,50.9,52.1,101.0,53.2,74.7,96.5,94.8,114.6,123.3,156.8,133.7,114.8,159.7,112.4,142.6,240.1,,
A,CEPA2,MIO_EUR,SI,,,6.3,12.9,1.7,0.5,0.3,1.4,1.1,0.9,0.5,1.1,1.1,0.9,1.3,1.8,2.7,,
A,CEPA2,MIO_EUR,SK,,,73.7,87.6,88.5,34.4,64.5,73.7,102.6,242.6,180.0,100.7,74.5,71.2,45.9,30.1,92.4,,
A,CEPA2,MIO_NAC,AT,660.6,662.1,619.3,570.6,484.2,443.8,432.6,411.8,95.7,118.2,109.9,449.8,492.8,530.1,473.6,513.4,484.6,,
A,CEPA2,MIO_NAC,BA,,,,,,,,,,,,,,,,,0.9,,
A,CEPA2,MIO_NAC,BE,,,,,,,,,61.0,60.6,60.6,72.5,89.7,93.3,89.3,80.5,104.1,,
A,CEPA2,MIO_NAC,BG,14.5,36.0,59.3,0.9,5.9,25.9,4.3,4.0,2.3,2.2,0.9,1.2,0.8,0.4,0.4,8.0,7.0,,
A,CEPA2,MIO_NAC,CH,,,,,,,,,289.7,171.9,199.9,201.9,213.0,212.5,232.0,237.2,240.5,,
A,CEPA2,MIO_NAC,CY,,,,,92.2,91.9,92.0,87.1,14.7,24.2,14.8,38.7,0.4,0.8,0.4,0.2,0.0,,
A,CEPA2,MIO_NAC,CZ,,,,,,,536.0,397.0,406.0,336.0,370.0,436.0,312.0,409.0,410.0,618.0,614.0,,
A,CEPA2,MIO_NAC,DE,,,,,4236.0,4163.0,4434.0,4154.0,4777.0,4283.0,4192.0,4765.0,5310.0,5321.8,5657.0,5021.0,5489.0,,
A,CEPA2,MIO_NAC,DK,2331.3,3271.9,3714.3,3141.7,4381.4,4936.2,4979.7,5923.7,3840.1,6701.3,6472.4,7396.9,5899.9,5843.5,6818.3,7491.8,7531.7,,
A,CEPA2,MIO_NAC,EE,,,,,,,,,74.2,44.2,29.8,20.0,29.0,31.2,38.9,38.4,57.2,,
A,CEPA2,MIO_NAC,EL,,,,,,,,,11.1,3.7,5.6,3.6,2.9,3.4,4.0,2.2,2.8,,
A,CEPA2,MIO_NAC,ES,,,,,586.5,311.4,179.1,148.4,126.9,129.6,114.4,102.5,86.0,96.2,91.5,118.0,134.9,142.0,
A,CEPA2,MIO_NAC,EU27_2020,9147.2,9335.1,9503.2,8981.2,9009.4,8700.5,8943.2,8407.3,8376.7,8439.4,7673.7,8772.0,9452.6,10182.2,10413.5,10511.6,11605.2,12145.1,12320.2
A,CEPA2,MIO_NAC,FI,,,,,,,,,208.0,149.0,166.0,125.0,181.0,122.0,133.0,135.0,132.0,,
A,CEPA2,MIO_NAC,FR,541.8,645.6,597.1,641.8,571.6,884.9,584.7,615.1,342.5,113.6,138.7,98.6,144.5,416.2,265.7,266.0,224.2,,
A,CEPA2,MIO_NAC,HR,,,,,,,,,16.8,21.0,23.8,14.0,18.8,20.2,22.7,25.4,24.4,,
A,CEPA2,MIO_NAC,HU,,,,,,,,,73886.0,70414.0,40431.0,38382.0,41783.0,59930.0,57440.0,62498.0,104923.0,,
A,CEPA2,MIO_NAC,IE,,,1.8,1.5,1.1,1.0,1.1,1.1,1.2,1.0,1.0,3.6,1.0,1.4,1.4,3.0,1.8,,
A,CEPA2,MIO_NAC,IS,,,,,,,,,728.4,1189.8,1996.3,1776.1,1539.9,1773.0,2093.0,2379.0,3085.6,,
A,CEPA2,MIO_NAC,IT,,,679.3,684.8,757.4,683.2,844.8,655.7,655.9,892.9,1006.5,1147.7,1184.4,1368.0,1299.0,1777.8,2106.9,,
A,CEPA2,MIO_NAC,LT,,,,,55.4,71.7,33.4,33.2,37.7,17.8,8.4,18.8,27.0,63.3,77.4,62.1,80.0,,
A,CEPA2,MIO_NAC,LU,,,73.6,86.5,58.6,70.1,70.8,98.9,107.2,105.5,123.3,160.4,190.7,175.3,192.9,190.1,222.8,,
A,CEPA2,MIO_NAC,LV,,,88.9,50.7,19.4,17.5,50.8,37.7,50.2,47.5,11.8,26.0,16.3,30.1,34.8,48.9,21.2,,
A,CEPA2,MIO_NAC,MK,,,,,,,,,,,,,,,2565.1,2499.8,,,
A,CEPA2,MIO_NAC,MT,,,,,,,,0.8,0.2,7.1,0.5,3.4,22.7,22.3,20.8,22.7,24.8,,
A,CEPA2,MIO_NAC,NL,,,,,,,,35.9,70.1,26.4,91.5,56.6,32.8,36.3,122.5,155.7,73.4,,
A,CEPA2,MIO_NAC,NO,,,,,,,,,176.0,147.0,83.0,65.0,184.0,251.0,396.0,147.0,436.0,,
A,CEPA2,MIO_NAC,PL,,,,,2400.7,1667.9,2700.6,1931.3,2758.7,3183.7,951.6,1070.9,1747.0,2311.3,2247.9,2349.9,2634.6,,
A,CEPA2,MIO_NAC,PT,,,,,,,,,55.1,87.6,9.8,49.9,85.0,96.4,127.5,147.2,207.7,,
A,CEPA2,MIO_NAC,RO,4.0,8.0,8.8,28.1,29.9,40.7,12.9,7.8,10.9,22.2,0.4,4.7,6.7,4.1,7.0,5.2,17.0,,
A,CEPA2,MIO_NAC,RS,,,,,,,,,0.0,0.0,0.0,0.0,0.0,0.0,0.0,6.0,6.0,,
A,CEPA2,MIO_NAC,SE,348.6,470.5,500.7,1072.1,507.0,674.2,840.3,820.5,1042.9,1153.5,1485.1,1288.1,1178.0,1690.9,1178.1,1446.9,2552.6,,
A,CEPA2,MIO_NAC,SI,,,6.3,12.9,1.7,0.5,0.3,1.4,1.1,0.9,0.5,1.1,1.1,0.9,1.3,1.8,2.7,,
A,CEPA2,MIO_NAC,SK,,,76.5,87.6,88.5,34.4,64.5,73.7,102.6,242.6,180.0,100.7,74.5,71.2,45.9,30.1,92.4,,
A,CEPA3,MIO_EUR,AT,246.2,227.7,265.4,219.7,210.9,195.1,195.8,220.3,160.0,136.7,142.7,236.9,294.4,312.8,303.2,407.4,392.9,,
A,CEPA3,MIO_EUR,BA,,,,,,,,,,,,,,,,,3.0,,
A,CEPA3,MIO_EUR,BE,,,,,,,,,602.2,557.8,613.8,694.8,858.1,900.5,815.7,703.5,910.6,,
A,CEPA3,MIO_EUR,BG,11.6,16.7,35.8,14.2,22.1,34.1,21.1,37.7,31.1,53.9,36.8,31.1,13.7,13.2,10.2,18.3,67.7,,
A,CEPA3,MIO_EUR,CH,,,,,,,,,127.1,228.8,249.3,221.2,223.1,239.2,262.3,263.2,287.3,,
A,CEPA3,MIO_EUR,CY,,,,,0.9,0.7,0.2,0.5,0.1,0.2,0.6,0.6,1.4,0.8,1.0,5.6,4.4,,
A,CEPA3,MIO_EUR,CZ,,,,,,,228.0,181.8,201.9,185.2,152.4,222.6,275.0,309.7,296.5,318.6,397.8,,
A,CEPA3,MIO_EUR,DE,,,,,958.0,1161.0,1006.0,1010.0,1109.0,1213.0,1491.0,1634.8,2001.6,2023.1,2245.1,2277.2,2615.5,,
A,CEPA3,MIO_EUR,DK,140.3,140.2,211.1,158.8,153.6,130.4,190.3,147.9,164.8,383.6,352.8,414.7,254.9,288.4,349.2,328.8,405.3,,
A,CEPA3,MIO_EUR,EE,,,,,,,,,18.5,18.3,20.4,38.0,17.1,13.1,25.5,26.2,18.2,,
A,CEPA3,MIO_EUR,EL,,,,,,,,,56.6,54.7,36.1,34.4,39.1,38.7,29.4,116.2,128.7,,
A,CEPA3,MIO_EUR,ES,,,,,653.7,366.6,488.7,366.1,445.3,476.6,478.6,645.0,796.3,783.8,772.3,723.0,803.7,839.8,
A,CEPA3,MIO_EUR,EU27_2020,5837.5,6114.5,6324.0,5751.6,6378.6,6481.2,6338.8,5508.2,5890.9,6854.4,6554.8,7028.3,8427.2,8880.7,8568.3,9368.7,10579.6,11128.2,11164.4
A,CEPA3,MIO_EUR,FI,,,,,,,,,95.0,156.0,203.0,126.0,140.0,159.0,167.0,331.0,148.0,,
A,CEPA3,MIO_EUR,FR,603.4,655.7,625.5,619.7,652.0,666.4,654.5,658.6,653.8,622.5,626.4,639.7,677.6,788.6,722.1,810.5,837.1,,
A,CEPA3,MIO_EUR,HR,,,,,,,,,22.4,16.1,27.1,26.2,29.0,30.1,26.4,27.1,24.4,,
A,CEPA3,MIO_EUR,HU,,,,,,,,,179.3,331.8,83.6,72.8,102.9,184.3,163.1,167.6,154.2,,
A,CEPA3,MIO_EUR,IE,,,44.2,38.5,34.7,22.9,17.8,24.6,42.5,45.0,48.6,34.7,38.4,35.0,35.0,74.5,53.5,,
A,CEPA3,MIO_EUR,IS,,,,,,,,,6.9,9.4,13.0,8.4,15.5,43.5,16.7,17.5,17.9,,
A,CEPA3,MIO_EUR,IT,,,1031.8,972.7,1118.5,1136.1,1205.1,808.7,901.0,936.0,1189.6,1251.3,1467.3,1523.4,1406.1,1612.4,1961.8,,
A,CEPA3,MIO_EUR,LT,,,,,50.3,25.2,32.5,15.1,25.0,50.2,54.7,7.8,13.7,17.4,16.7,135.5,27.0,,
A,CEPA3,MIO_EUR,LU,,,9.4,7.6,11.2,18.7,16.4,17.4,19.4,15.2,12.3,21.6,18.7,26.7,14.2,27.0,18.3,,
A,CEPA3,MIO_EUR,LV,,,79.3,8.2,21.2,22.8,21.5,23.6,20.0,27.9,6.3,14.3,20.2,31.6,28.7,24.2,63.1,,
A,CEPA3,MIO_EUR,MK,,,,,,,,,,,,,,,11.7,24.8,,,
A,CEPA3,MIO_EUR,MT,,,,,,,,0.7,1.2,2.2,0.8,0.6,1.0,6.9,6.1,7.1,8.4,,
A,CEPA3,MIO_EUR,NL,,,,,,,,368.9,257.0,465.0,432.7,410.3,723.7,655.0,489.0,538.5,595.0,,
A,CEPA3,MIO_EUR,NO,,,,,,,,,80.2,298.4,109.3,133.6,106.9,124.9,107.2,196.0,182.6,,
A,CEPA3,MIO_EUR,PL,,,,,121.1,143.7,222.8,191.8,346.8,404.6,112.2,105.3,92.5,152.1,120.9,145.2,170.9,,
A,CEPA3,MIO_EUR,PT,,,,,,,,,65.2,96.5,83.5,91.7,170.3,183.7,199.5,187.8,212.1,,
A,CEPA3,MIO_EUR,RO,72.7,127.3,111.1,50.1,64.0,71.8,62.3,49.5,46.1,53.8,27.9,28.7,54.4,58.2,71.2,103.4,171.9,,
A,CEPA3,MIO_EUR,RS,,,,,,,,,31.3,30.2,31.1,29.1,30.1,36.6,34.6,38.9,62.4,,
A,CEPA3,MIO_EUR,SE,145.5,169.2,217.9,102.5,147.5,233.0,171.1,171.7,198.2,245.7,260.7,195.0,264.9,268.8,198.2,191.6,309.8,,
A,CEPA3,MIO_EUR,SI,,,24.7,33.1,13.1,9.3,9.3,13.8,24.3,80.7,31.6,10.8,12.8,10.7,10.9,12.0,13.2,,
A,CEPA3,MIO_EUR,SK,,,22.3,12.4,17.1,18.7,25.1,18.5,18.8,31.4,27.0,35.8,48.1,65.1,45.2,48.6,66.1,,
A,CEPA3,MIO_NAC,AT,246.2,227.7,265.4,219.7,210.9,195.1,195.8,220.3,160.0,136.7,142.7,236.9,294.4,312.8,303.2,407.4,392.9,,
A,CEPA3,MIO_NAC,BA,,,,,,,,,,,,,,,,,5.8,,
A,CEPA3,MIO_NAC,BE,,,,,,,,,602.2,557.8,613.8,694.8,858.1,900.5,815.7,703.5,910.6,,
A,CEPA3,MIO_NAC,BG,11.6,16.7,35.8,14.2,22.1,34.1,21.1,37.7,31.1,53.9,36.8,31.1,13.7,13.2,10.2,18.3,67.7,,
A,CEPA3,MIO_NAC,CH,,,,,,,,,154.3,244.3,271.8,245.9,257.7,266.1,280.8,284.5,288.6,,
A,CEPA3,MIO_NAC,CY,,,,,0.9,0.7,0.2,0.5,0.1,0.2,0.6,0.6,1.4,0.8,1.0,5.6,4.4,,
A,CEPA3,MIO_NAC,CZ,,,,,,,5734.0,4723.0,5560.0,5051.0,4121.0,5861.0,7054.0,7950.0,7844.0,8170.0,9773.0,,
A,CEPA3,MIO_NAC,DE,,,,,958.0,1161.0,1006.0,1010.0,1109.0,1213.0,1491.0,1634.8,2001.6,2023.1,2245.1,2277.2,2615.5,,
A,CEPA3,MIO_NAC,DK,1046.4,1044.5,1573.7,1182.6,1143.7,971.2,1416.5,1103.2,1228.7,2861.0,2626.8,3084.8,1899.8,2153.5,2602.8,2445.4,3015.3,,
A,CEPA3,MIO_NAC,EE,,,,,,,,,18.5,18.3,20.4,38.0,17.1,13.1,25.5,26.2,18.2,,
A,CEPA3,MIO_NAC,EL,,,,,,,,,56.6,54.7,36.1,34.4,39.1,38.7,29.4,116.2,128.7,,
A,CEPA3,MIO_NAC,ES,,,,,653.7,366.6,488.7,366.1,445.3,476.6,478.6,645.0,796.3,783.8,772.3,723.0,803.7,839.8,
A,CEPA3,MIO_NAC,EU27_2020,5837.5,6114.5,6324.0,5751.6,6378.6,6481.2,6338.8,5508.2,5890.9,6854.4,6554.8,7028.3,8427.2,8880.7,8568.3,9368.7,10579.6,11128.2,11164.4
A,CEPA3,MIO_NAC,FI,,,,,,,,,95.0,156.0,203.0,126.0,140.0,159.0,167.0,331.0,148.0,,
A,CEPA3,MIO_NAC,FR,603.4,655.7,625.5,619.7,652.0,666.4,654.5,658.6,653.8,622.5,626.4,639.7,677.6,788.6,722.1,810.5,837.1,,
A,CEPA3,MIO_NAC,HR,,,,,,,,,22.7,16.3,27.1,26.0,28.6,29.6,26.4,27.1,24.4,,
A,CEPA3,MIO_NAC,HU,,,,,,,,,55358.9,102862.4,26026.4,22508.9,32811.9,59949.2,57280.7,60073.8,60343.7,,
A,CEPA3,MIO_NAC,IE,,,44.2,38.5,34.7,22.9,17.8,24.6,42.5,45.0,48.6,34.7,38.4,35.0,35.0,74.5,53.5,,
A,CEPA3,MIO_NAC,IS,,,,,,,,,1065.8,1369.6,1737.5,1007.2,1976.0,5974.4,2576.6,2626.6,2550.9,,
A,CEPA3,MIO_NAC,IT,,,1031.8,972.7,1118.5,1136.1,1205.1,808.7,901.0,936.0,1189.6,1251.3,1467.3,1523.4,1406.1,1612.4,1961.8,,
A,CEPA3,MIO_NAC,LT,,,,,50.3,25.2,32.5,15.1,25.0,50.2,54.7,7.8,13.7,17.4,16.7,135.5,27.0,,
A,CEPA3,MIO_NAC,LU,,,9.4,7.6,11.2,18.7,16.4,17.4,19.4,15.2,12.3,21.6,18.7,26.7,14.2,27.0,18.3,,
A,CEPA3,MIO_NAC,LV,,,79.3,8.2,21.4,23.0,21.4,23.6,20.0,27.9,6.3,14.3,20.2,31.6,28.7,24.2,63.1,,
A,CEPA3,MIO_NAC,MK,,,,,,,,,,,,,,,720.7,1526.9,,,
A,CEPA3,MIO_NAC,MT,,,,,,,,0.7,1.2,2.2,0.8,0.6,1.0,6.9,6.1,7.1,8.4,,
A,CEPA3,MIO_NAC,NL,,,,,,,,368.9,257.0,465.0,432.7,410.3,723.7,655.0,489.0,538.5,595.0,,
A,CEPA3,MIO_NAC,NO,,,,,,,,,669.9,2670.6,1015.9,1246.0,1026.0,1230.0,1149.0,1992.0,1845.0,,
A,CEPA3,MIO_NAC,PL,,,,,483.8,592.2,932.3,805.0,1451.2,1692.8,489.5,448.2,394.2,653.6,537.2,662.7,801.0,,
A,CEPA3,MIO_NAC,PT,,,,,,,,,65.2,96.5,83.5,91.7,170.3,183.7,199.5,187.8,212.1,,
A,CEPA3,MIO_NAC,RO,256.3,424.6,409.2,212.4,269.6,304.4,277.9,218.6,204.8,239.0,125.3,131.0,253.2,276.3,344.4,508.8,847.9,,
A,CEPA3,MIO_NAC,RS,,,,,,,,,3667.2,3640.4,3829.7,3531.6,3559.8,4317.4,4074.0,4578.6,7325.1,,
A,CEPA3,MIO_NAC,SE,1347.0,1565.4,2094.8,1088.5,1406.9,2104.4,1489.0,1485.4,1803.6,2298.5,2468.4,1879.0,2717.9,2846.2,2078.4,1943.9,3293.0,,
A,CEPA3,MIO_NAC,SI,,,24.7,33.1,13.1,9.3,9.3,13.8,24.3,80.7,31.6,10.8,12.8,10.7,10.9,12.0,13.2,,
A,CEPA3,MIO_NAC,SK,,,23.1,12.4,17.1,18.7,25.1,18.5,18.8,31.4,27.0,35.8,48.1,65.1,45.2,48.6,66.1,,
A,CEPA4,MIO_EUR,AT,98.5,59.1,58.5,58.6,80.3,64.4,68.3,73.9,75.8,80.1,74.8,92.9,81.4,86.0,99.9,169.3,166.1,,
A,CEPA4,MIO_EUR,BA,,,,,,,,,,,,,,,,,0.1,,
A,CEPA4,MIO_EUR,BE,,,,,,,,,30.7,30.1,29.5,35.3,44.7,47.0,44.8,39.8,51.2,,
A,CEPA4,MIO_EUR,BG,0.0,0.0,0.0,0.0,0.0,0.0,0.0,0.6,0.0,0.0,0.0,0.0,0.0,0.1,0.0,0.0,0.0,,
A,CEPA4,MIO_EUR,CH,,,,,,,,,1.4,2.2,1.0,0.9,1.2,0.9,1.4,2.0,1.8,,
A,CEPA4,MIO_EUR,CY,,,,,0.0,0.0,0.0,0.0,0.0,0.0,0.0,0.0,0.0,0.0,0.0,0.0,0.0,,
A,CEPA4,MIO_EUR,CZ,,,,,,,17.4,15.3,36.9,45.7,15.7,16.4,30.8,27.1,24.6,26.3,6.4,,
A,CEPA4,MIO_EUR,DE,,,,,41.0,35.0,37.0,33.0,35.0,53.0,59.0,52.0,70.0,73.0,73.0,85.0,105.0,,
A,CEPA4,MIO_EUR,DK,,,,,,,,,,,,,1.7,3.4,1.2,2.5,2.2,,
A,CEPA4,MIO_EUR,EE,,,,,,,,,3.4,9.9,2.9,0.2,7.3,16.5,21.4,14.1,8.4,,
A,CEPA4,MIO_EUR,EL,,,,,,,,,1.0,0.9,3.1,0.1,0.4,0.4,0.9,0.5,1.3,,
A,CEPA4,MIO_EUR,ES,,,,,8.2,12.0,18.9,25.1,7.8,8.6,2.9,9.1,8.3,7.0,6.8,13.6,15.3,16.1,
A,CEPA4,MIO_EUR,EU27_2020,566.2,541.2,560.3,542.6,600.4,658.3,665.0,592.2,700.0,700.0,500.0,500.0,526.4,617.3,661.8,832.6,925.4,1023.3,1056.6
A,CEPA4,MIO_EUR,FI,,,,,,,,,7.0,2.0,5.0,6.0,11.0,4.0,2.0,6.0,9.0,,
A,CEPA4,MIO_EUR,FR,49.7,62.8,64.8,63.4,65.5,70.2,78.9,83.0,75.5,77.7,89.0,89.2,95.2,104.1,99.7,107.4,103.4,,
A,CEPA4,MIO_EUR,HR,,,,,,,,,0.0,0.1,0.1,0.1,0.2,0.2,0.2,0.2,0.0,,
A,CEPA4,MIO_EUR,HU,,,,,,,,,29.5,24.4,4.4,12.3,12.0,28.2,11.3,2.9,7.6,,
A,CEPA4,MIO_EUR,IE,,,0.1,0.0,0.0,0.1,0.0,0.0,0.0,0.0,0.1,0.0,0.0,0.0,0.0,0.3,0.1,,
A,CEPA4,MIO_EUR,IS,,,,,,,,,0.0,0.0,0.0,0.0,0.0,0.0,0.0,0.0,0.0,,
A,CEPA4,MIO_EUR,IT,,,45.1,48.1,49.5,62.9,64.7,49.9,61.1,68.8,101.4,124.9,110.9,149.8,169.0,227.5,228.6,,
A,CEPA4,MIO_EUR,LT,,,,,0.0,2.1,2.6,0.9,0.4,0.3,2.3,0.2,0.0,0.0,0.0,0.0,0.2,,
A,CEPA4,MIO_EUR,LU,,,0.0,0.0,0.0,0.0,0.0,0.0,0.0,0.0,0.0,0.0,0.0,0.0,0.0,0.0,0.0,,
A,CEPA4,MIO_EUR,LV,,,0.5,0.0,5.0,0.3,0.7,1.0,1.1,0.3,0.3,1.2,1.0,1.2,1.1,2.5,0.9,,
A,CEPA4,MIO_EUR,MK,,,,,,,,,,,,,,,0.8,0.6,,,
A,CEPA4,MIO_EUR,MT,,,,,,,,0.0,0.0,0.0,0.0,0.0,0.0,0.0,0.0,0.0,0.0,,
A,CEPA4,MIO_EUR,NL,,,,,,,,37.2,69.0,15.6,57.8,44.1,28.5,51.7,72.5,70.3,159.6,,
A,CEPA4,MIO_EUR,NO,,,,,,,,,1.2,0.4,0.3,1.9,0.5,1.2,2.6,1.8,1.0,,
A,CEPA4,MIO_EUR,PL,,,,,2.0,1.2,0.0,0.0,0.0,0.0,0.0,0.3,0.2,0.0,0.0,0.0,0.0,,
A,CEPA4,MIO_EUR,PT,,,,,,,,,0.7,5.0,1.2,2.4,2.9,3.0,24.1,48.4,44.1,,
A,CEPA4,MIO_EUR,RO,0.4,0.9,0.7,2.4,10.7,6.2,0.6,1.2,0.5,0.3,0.2,0.7,1.4,3.1,0.5,0.4,0.2,,
A,CEPA4,MIO_EUR,RS,,,,,,,,,0.0,0.0,0.0,0.0,0.0,0.0,0.0,0.0,0.0,,
A,CEPA4,MIO_EUR,SE,6.5,5.3,2.6,0.6,0.6,1.6,1.2,1.3,1.5,3.0,2.2,1.6,3.2,3.1,4.4,8.3,10.8,,
A,CEPA4,MIO_EUR,SI,,,0.3,6.7,0.0,0.2,0.0,0.0,0.1,0.5,0.0,0.0,0.0,0.0,0.0,0.0,0.0,,
A,CEPA4,MIO_EUR,SK,,,58.8,24.5,21.9,19.4,15.5,4.4,12.3,11.8,5.1,15.8,15.3,8.4,4.2,7.4,4.9,,
A,CEPA4,MIO_NAC,AT,98.5,59.1,58.5,58.6,80.3,64.4,68.3,73.9,75.8,80.1,74.8,92.9,81.4,86.0,99.9,169.3,166.1,,
A,CEPA4,MIO_NAC,BA,,,,,,,,,,,,,,,,,0.1,,
A,CEPA4,MIO_NAC,BE,,,,,,,,,30.7,30.1,29.5,35.3,44.7,47.0,44.8,39.8,51.2,,
A,CEPA4,MIO_NAC,BG,0.0,0.0,0.0,0.0,0.0,0.0,0.0,0.6,0.0,0.0,0.0,0.0,0.0,0.1,0.0,0.0,0.0,,
A,CEPA4,MIO_NAC,CH,,,,,,,,,1.7,2.3,1.1,1.0,1.4,1.0,1.5,2.2,1.8,,
A,CEPA4,MIO_NAC,CY,,,,,0.0,0.0,0.0,0.0,0.0,0.0,0.0,0.0,0.0,0.0,0.0,0.0,0.0,,
A,CEPA4,MIO_NAC,CZ,,,,,,,437.0,397.0,1015.0,1248.0,425.0,431.0,791.0,695.0,650.0,674.0,158.0,,
A,CEPA4,MIO_NAC,DE,,,,,41.0,35.0,37.0,33.0,35.0,53.0,59.0,52.0,70.0,73.0,73.0,85.0,105.0,,
A,CEPA4,MIO_NAC,DK,,,,,,,,,,,,,12.7,25.4,9.1,18.5,16.2,,
A,CEPA4,MIO_NAC,EE,,,,,,,,,3.4,9.9,2.9,0.2,7.3,16.5,21.4,14.1,8.4,,
A,CEPA4,MIO_NAC,EL,,,,,,,,,1.0,0.9,3.1,0.1,0.4,0.4,0.9,0.5,1.3,,
A,CEPA4,MIO_NAC,ES,,,,,8.2,12.0,18.9,25.1,7.8,8.6,2.9,9.1,8.3,7.0,6.8,13.6,15.3,16.1,
A,CEPA4,MIO_NAC,EU27_2020,566.2,541.2,560.3,542.6,600.4,658.3,665.0,592.2,700.0,700.0,500.0,500.0,526.4,617.3,661.8,832.6,925.4,1023.3,1056.6
A,CEPA4,MIO_NAC,FI,,,,,,,,,7.0,2.0,5.0,6.0,11.0,4.0,2.0,6.0,9.0,,
A,CEPA4,MIO_NAC,FR,49.7,62.8,64.8,63.4,65.5,70.2,78.9,83.0,75.5,77.7,89.0,89.2,95.2,104.1,99.7,107.4,103.4,,
A,CEPA4,MIO_NAC,HR,,,,,,,,,0.0,0.1,0.1,0.1,0.2,0.2,0.2,0.2,0.0,,
A,CEPA4,MIO_NAC,HU,,,,,,,,,9096.0,7557.0,1380.0,3815.0,3835.0,9163.0,3972.0,1054.0,2989.0,,
A,CEPA4,MIO_NAC,IE,,,0.1,0.0,0.0,0.1,0.0,0.0,0.0,0.0,0.1,0.0,0.0,0.0,0.0,0.3,0.1,,
A,CEPA4,MIO_NAC,IS,,,,,,,,,1.9,1.4,1.7,1.4,0.9,1.0,1.0,2.3,2.4,,
A,CEPA4,MIO_NAC,IT,,,45.1,48.1,49.5,62.9,64.7,49.9,61.1,68.8,101.4,124.9,110.9,149.8,169.0,227.5,228.6,,
A,CEPA4,MIO_NAC,LT,,,,,0.0,2.1,2.6,0.9,0.4,0.3,2.3,0.2,0.0,0.0,0.0,0.0,0.2,,
A,CEPA4,MIO_NAC,LU,,,0.0,0.0,0.0,0.0,0.0,0.0,0.0,0.0,0.0,0.0,0.0,0.0,0.0,0.0,0.0,,
A,CEPA4,MIO_NAC,LV,,,0.5,0.0,5.0,0.3,0.7,1.0,1.1,0.3,0.3,1.2,1.0,1.2,1.1,2.5,0.9,,
A,CEPA4,MIO_NAC,MK,,,,,,,,,,,,,,,49.3,39.0,,,
A,CEPA4,MIO_NAC,MT,,,,,,,,0.0,0.0,0.0,0.0,0.0,0.0,0.0,0.0,0.0,0.0,,
A,CEPA4,MIO_NAC,NL,,,,,,,,37.2,69.0,15.6,57.8,44.1,28.5,51.7,72.5,70.3,159.6,,
A,CEPA4,MIO_NAC,NO,,,,,,,,,10.0,4.0,3.0,18.0,5.0,12.0,28.0,18.0,10.0,,
A,CEPA4,MIO_NAC,PL,,,,,8.2,4.8,0.2,0.0,0.2,0.0,0.0,1.1,1.1,0.0,0.0,0.0,0.0,,
A,CEPA4,MIO_NAC,PT,,,,,,,,,0.7,5.0,1.2,2.4,2.9,3.0,24.1,48.4,44.1,,
A,CEPA4,MIO_NAC,RO,1.5,2.9,2.4,10.3,45.0,26.4,2.6,5.3,2.4,1.2,1.0,3.1,6.6,14.6,2.6,1.8,1.1,,
A,CEPA4,MIO_NAC,RS,,,,,,,,,0.0,0.0,0.0,0.0,0.0,0.0,0.0,0.0,0.0,,
A,CEPA4,MIO_NAC,SE,60.5,49.3,24.9,6.7,6.1,14.5,10.2,11.5,13.4,27.8,21.1,15.0,33.1,33.3,45.7,83.8,114.4,,
A,CEPA4,MIO_NAC,SI,,,0.3,6.7,0.0,0.2,0.0,0.0,0.1,0.5,0.0,0.0,0.0,0.0,0.0,0.0,0.0,,
A,CEPA4,MIO_NAC,SK,,,61.0,24.5,21.9,19.4,15.5,4.4,12.3,11.8,5.1,15.8,15.3,8.4,4.2,7.4,4.9,,
A,CEPA5,MIO_EUR,AT,,,,,,,,2.3,2.0,2.2,2.2,2.7,3.1,2.9,4.1,4.7,9.3,,
A,CEPA5,MIO_EUR,BA,,,,,,,,,,,,,,,,,0.0,,
A,CEPA5,MIO_EUR,BE,,,,,,,,,28.4,32.2,33.3,36.6,40.1,36.9,37.3,37.8,47.7,,
A,CEPA5,MIO_EUR,BG,0.0,0.0,0.0,0.0,0.0,0.0,0.0,0.0,0.0,0.0,0.0,0.0,0.0,0.0,0.0,0.0,0.0,,
A,CEPA5,MIO_EUR,CH,,,,,,,,,0.0,0.0,0.0,0.0,0.0,0.0,0.0,0.0,0.0,,
A,CEPA5,MIO_EUR,CY,,,,,,,,,,,,,0.0,0.0,0.0,0.0,0.0,,
A,CEPA5,MIO_EUR,CZ,,,,,,,,,,,,,0.0,0.0,0.0,0.0,0.0,,
A,CEPA5,MIO_EUR,DE,,,,,,,,,,,,,0.0,0.0,0.0,0.0,0.0,,
A,CEPA5,MIO_EUR,DK,,,,,,,,,,,,,0.0,0.0,0.0,0.0,0.0,,
A,CEPA5,MIO_EUR,EE,,,,,,,,,0.0,0.0,0.0,3.0,2.0,1.4,6.1,10.5,5.0,,
A,CEPA5,MIO_EUR,EL,,,,,,,,,0.0,0.0,0.0,0.0,0.0,0.0,0.0,0.0,0.0,,
A,CEPA5,MIO_EUR,ES,,,,,,,,,0.0,0.0,0.0,0.0,0.0,0.0,0.0,0.0,0.0,0.0,
A,CEPA5,MIO_EUR,EU27_2020,33.0,35.3,34.6,36.8,38.4,42.6,43.9,38.0,36.6,56.8,58.9,62.7,100.0,100.0,100.0,64.5,73.0,82.8,72.3
A,CEPA5,MIO_EUR,FI,,,,,,,,,0.0,0.0,0.0,0.0,0.0,0.0,0.0,0.0,0.0,,
A,CEPA5,MIO_EUR,FR,0.0,0.0,0.0,0.0,0.0,0.0,0.0,0.0,0.0,0.0,0.0,0.0,0.0,0.0,0.0,0.0,0.0,,
A,CEPA5,MIO_EUR,HR,,,,,,,,,0.0,0.0,0.0,0.0,0.0,0.0,0.0,0.0,0.0,,
A,CEPA5,MIO_EUR,HU,,,,,,,,,,,,,0.0,0.0,0.0,0.0,0.0,,
A,CEPA5,MIO_EUR,IE,,,,,,,,,0.0,0.0,0.0,0.0,0.0,0.0,0.0,0.0,0.0,,
A,CEPA5,MIO_EUR,IS,,,,,,,,,0.0,0.0,0.0,0.0,0.0,0.0,0.0,0.0,0.0,,
A,CEPA5,MIO_EUR,IT,,,,,,,,,,,7.3,8.5,6.7,10.5,7.8,7.3,7.4,,
A,CEPA5,MIO_EUR,LT,,,,,0.0,0.0,0.0,0.0,0.0,0.0,0.0,0.0,0.0,0.0,0.0,0.0,0.0,,
A,CEPA5,MIO_EUR,LU,,,,,,,,,0.0,0.0,0.0,0.0,0.0,0.0,0.0,0.0,0.0,,
A,CEPA5,MIO_EUR,LV,,,,,,,,,,,,,0.0,0.0,0.0,0.0,0.0,,
A,CEPA5,MIO_EUR,MK,,,,,,,,,,,,,,,0.1,0.0,,,
A,CEPA5,MIO_EUR,MT,,,,,,,,0.0,0.0,0.0,0.0,0.0,0.0,0.0,0.0,0.0,0.0,,
A,CEPA5,MIO_EUR,NL,,,,,,,,,,,,,0.0,0.0,0.0,0.0,0.0,,
A,CEPA5,MIO_EUR,NO,,,,,,,,,,,,,0.0,0.0,0.0,0.0,0.0,,
A,CEPA5,MIO_EUR,PL,,,,,0.0,0.0,0.0,0.0,0.0,0.0,0.0,0.0,0.0,0.0,0.0,0.0,0.0,,
A,CEPA5,MIO_EUR,PT,,,,,,,,,0.1,14.6,15.0,11.9,14.8,3.5,3.8,4.0,2.0,,
A,CEPA5,MIO_EUR,RO,0.2,0.8,0.0,0.0,0.0,0.0,0.0,0.0,0.0,0.0,0.0,0.0,0.0,0.0,0.0,0.0,0.0,,
A,CEPA5,MIO_EUR,RS,,,,,,,,,0.0,0.0,0.0,0.0,0.0,0.0,0.0,0.0,0.0,,
A,CEPA5,MIO_EUR,SE,,,,,,,,,,,0.0,0.0,0.0,0.0,0.0,0.0,0.0,,
A,CEPA5,MIO_EUR,SI,,,0.0,0.0,0.0,0.0,0.0,0.0,0.0,0.0,0.0,0.0,0.0,0.0,0.0,0.0,0.0,,
A,CEPA5,MIO_EUR,SK,,,,,,,,,,,,,,,,0.1,1.6,,
A,CEPA5,MIO_NAC,AT,,,,,,,,2.3,2.0,2.2,2.2,2.7,3.1,2.9,4.1,4.7,9.3,,
A,CEPA5,MIO_NAC,BA,,,,,,,,,,,,,,,,,0.0,,
A,CEPA5,MIO_NAC,BE,,,,,,,,,28.4,32.2,33.3,36.6,40.1,36.9,37.3,37.8,47.7,,
A,CEPA5,MIO_NAC,BG,0.0,0.0,0.0,0.0,0.0,0.0,0.0,0.0,0.0,0.0,0.0,0.0,0.0,0.0,0.0,0.0,0.0,,
A,CEPA5,MIO_NAC,CH,,,,,,,,,0.0,0.0,0.0,0.0,0.0,0.0,0.0,0.0,0.0,,
A,CEPA5,MIO_NAC,CY,,,,,,,,,,,,,0.0,0.0,0.0,0.0,0.0,,
A,CEPA5,MIO_NAC,CZ,,,,,,,,,,,,,0.0,0.0,0.0,0.0,0.0,,
A,CEPA5,MIO_NAC,DE,,,,,,,,,,,,,0.0,0.0,0.0,0.0,0.0,,
A,CEPA5,MIO_NAC,DK,,,,,,,,,,,,,0.0,0.0,0.0,0.0,0.0,,
A,CEPA5,MIO_NAC,EE,,,,,,,,,0.0,0.0,0.0,3.0,2.0,1.4,6.1,10.5,5.0,,
A,CEPA5,MIO_NAC,EL,,,,,,,,,0.0,0.0,0.0,0.0,0.0,0.0,0.0,0.0,0.0,,
A,CEPA5,MIO_NAC,ES,,,,,,,,,0.0,0.0,0.0,0.0,0.0,0.0,0.0,0.0,0.0,0.0,
A,CEPA5,MIO_NAC,EU27_2020,33.0,35.3,34.6,36.8,38.4,42.6,43.9,38.0,36.6,56.8,58.9,62.7,100.0,100.0,100.0,64.5,73.0,82.8,72.3
A,CEPA5,MIO_NAC,FI,,,,,,,,,0.0,0.0,0.0,0.0,0.0,0.0,0.0,0.0,0.0,,
A,CEPA5,MIO_NAC,FR,0.0,0.0,0.0,0.0,0.0,0.0,0.0,0.0,0.0,0.0,0.0,0.0,0.0,0.0,0.0,0.0,0.0,,
A,CEPA5,MIO_NAC,HR,,,,,,,,,0.0,0.0,0.0,0.0,0.0,0.0,0.0,0.0,0.0,,
A,CEPA5,MIO_NAC,HU,,,,,,,,,,,,,0.0,0.0,0.0,0.0,0.0,,
A,CEPA5,MIO_NAC,IE,,,,,,,,,0.0,0.0,0.0,0.0,0.0,0.0,0.0,0.0,0.0,,
A,CEPA5,MIO_NAC,IS,,,,,,,,,0.0,0.0,0.0,0.0,0.0,0.0,0.0,0.0,0.0,,
A,CEPA5,MIO_NAC,IT,,,,,,,,,,,7.3,8.5,6.7,10.5,7.8,7.3,7.4,,
A,CEPA5,MIO_NAC,LT,,,,,0.0,0.0,0.0,0.0,0.0,0.0,0.0,0.0,0.0,0.0,0.0,0.0,0.0,,
A,CEPA5,MIO_NAC,LU,,,,,,,,,0.0,0.0,0.0,0.0,0.0,0.0,0.0,0.0,0.0,,
A,CEPA5,MIO_NAC,LV,,,,,,,,,,,,,0.0,0.0,0.0,0.0,0.0,,
A,CEPA5,MIO_NAC,MK,,,,,,,,,,,,,,,6.5,2.5,,,
A,CEPA5,MIO_NAC,MT,,,,,,,,0.0,0.0,0.0,0.0,0.0,0.0,0.0,0.0,0.0,0.0,,
A,CEPA5,MIO_NAC,NL,,,,,,,,,,,,,0.0,0.0,0.0,0.0,0.0,,
A,CEPA5,MIO_NAC,NO,,,,,,,,,,,,,0.0,0.0,0.0,0.0,0.0,,
A,CEPA5,MIO_NAC,PL,,,,,0.0,0.1,0.0,0.0,0.0,0.2,0.0,0.1,0.0,0.1,0.0,0.0,0.0,,
A,CEPA5,MIO_NAC,PT,,,,,,,,,0.1,14.6,15.0,11.9,14.8,3.5,3.8,4.0,2.0,,
A,CEPA5,MIO_NAC,RO,0.7,2.6,0.0,0.1,0.0,0.0,0.0,0.0,0.0,0.0,0.0,0.0,0.0,0.0,0.0,0.0,0.0,,
A,CEPA5,MIO_NAC,RS,,,,,,,,,0.0,0.0,0.0,0.0,0.0,0.0,0.0,0.0,0.0,,
A,CEPA5,MIO_NAC,SE,,,,,,,,,,,0.0,0.0,0.0,0.0,0.0,0.0,0.0,,
A,CEPA5,MIO_NAC,SI,,,0.0,0.0,0.0,0.0,0.0,0.0,0.0,0.0,0.0,0.0,0.0,0.0,0.0,0.0,0.0,,
A,CEPA5,MIO_NAC,SK,,,,,,,,,,,,,,,,0.1,1.6,,
A,CEPA6,MIO_EUR,AT,,,,,,,,,0.0,0.0,0.0,0.0,1.8,1.7,2.2,2.4,4.8,,
A,CEPA6,MIO_EUR,BA,,,,,,,,,,,,,,,,,0.0,,
A,CEPA6,MIO_EUR,BE,,,,,,,,,6.0,7.1,7.7,8.3,7.8,9.4,8.7,10.3,12.3,,
A,CEPA6,MIO_EUR,BG,,,,,,,,,0.0,0.0,0.0,0.0,0.0,0.0,0.0,0.0,0.0,,
A,CEPA6,MIO_EUR,CH,,,,,,,,,6.8,10.0,6.7,5.4,6.9,6.7,9.0,9.6,9.6,,
A,CEPA6,MIO_EUR,CY,,,,,,,,,,,,,0.0,0.0,0.0,0.0,0.0,,
A,CEPA6,MIO_EUR,CZ,,,,,,,,,,,,,1.0,0.7,0.5,0.3,0.0,,
A,CEPA6,MIO_EUR,DE,,,,,,,,,,,,,0.0,0.0,0.0,0.0,0.0,,
A,CEPA6,MIO_EUR,DK,,,,,,,,,,,,,0.0,0.0,0.0,0.0,0.0,,
A,CEPA6,MIO_EUR,EE,,,,,,,,,9.3,6.6,8.3,13.1,16.9,15.1,9.5,5.8,6.8,,
A,CEPA6,MIO_EUR,EL,,,,,,,,,0.0,0.0,0.0,0.0,0.0,0.0,0.0,0.0,0.0,,
A,CEPA6,MIO_EUR,ES,,,,,,,,,0.0,0.0,0.0,0.0,0.0,0.0,0.0,0.0,0.0,0.0,
A,CEPA6,MIO_EUR,EU27_2020,15.5,18.1,16.5,17.2,17.6,18.5,20.2,19.9,17.9,27.0,22.0,27.2,34.0,0.0,100.0,30.0,100.0,71.6,51.6
A,CEPA6,MIO_EUR,FI,,,,,,,,,0.0,0.0,0.0,0.0,0.0,0.0,0.0,0.0,0.0,,
A,CEPA6,MIO_EUR,FR,0.0,0.0,0.0,0.0,0.0,0.0,0.0,0.0,0.0,0.0,0.0,0.0,0.0,0.0,0.0,0.0,0.0,,
A,CEPA6,MIO_EUR,HR,,,,,,,,,0.0,0.0,0.0,0.0,0.0,0.0,0.0,0.0,0.1,,
A,CEPA6,MIO_EUR,HU,,,,,,,,,,,,,0.0,0.0,0.0,0.0,0.0,,
A,CEPA6,MIO_EUR,IE,,,,,,,,,0.0,0.0,0.0,0.0,0.0,0.0,0.0,0.0,0.0,,
A,CEPA6,MIO_EUR,IS,,,,,,,,,0.0,0.0,0.0,0.0,0.0,0.0,0.0,0.0,0.0,,
A,CEPA6,MIO_EUR,IT,,,,,,,,,,,2.0,2.4,2.4,2.8,2.1,2.9,3.1,,
A,CEPA6,MIO_EUR,LT,,,,,0.0,0.0,0.1,1.6,0.0,0.0,0.1,0.0,0.1,0.2,0.5,0.7,0.3,,
A,CEPA6,MIO_EUR,LU,,,,,,,,,0.0,0.0,0.0,0.0,0.0,0.0,0.0,0.0,0.0,,
A,CEPA6,MIO_EUR,LV,,,0.0,0.0,0.0,0.0,0.3,0.5,0.2,0.1,0.1,0.1,0.7,0.0,0.0,0.0,0.0,,
A,CEPA6,MIO_EUR,MK,,,,,,,,,,,,,,,1.7,0.6,,,
A,CEPA6,MIO_EUR,MT,,,,,,,,0.0,0.0,0.0,0.0,0.0,0.0,0.0,0.0,0.0,0.0,,
A,CEPA6,MIO_EUR,NL,,,,,,,,,,,,,0.0,0.0,0.0,0.0,0.0,,
A,CEPA6,MIO_EUR,NO,,,,,,,,,,,,,0.0,0.0,0.0,0.0,0.0,,
A,CEPA6,MIO_EUR,PL,,,,,0.0,0.0,0.0,0.0,0.0,0.0,0.0,0.1,0.0,0.0,0.0,0.0,0.0,,
A,CEPA6,MIO_EUR,PT,,,,,,,,,0.6,11.1,2.9,2.4,3.3,1.8,39.3,7.4,3.7,,
A,CEPA6,MIO_EUR,RO,0.0,1.9,0.0,0.0,0.1,0.0,0.9,0.0,0.0,0.0,0.0,0.0,0.0,0.0,0.0,0.0,0.1,,
A,CEPA6,MIO_EUR,RS,,,,,,,,,0.0,0.0,0.0,0.0,0.0,0.0,0.0,0.0,0.0,,
A,CEPA6,MIO_EUR,SE,,,,,,,,,,,0.0,0.0,0.0,0.0,0.0,0.0,0.0,,
A,CEPA6,MIO_EUR,SI,,,0.0,0.0,0.0,0.0,0.0,0.0,0.0,0.0,0.0,0.0,0.0,0.0,0.0,0.0,0.0,,
A,CEPA6,MIO_EUR,SK,,,,,,,,,,,,,0.1,,,0.1,,,
A,CEPA6,MIO_NAC,AT,,,,,,,,,0.0,0.0,0.0,0.0,1.8,1.7,2.2,2.4,4.8,,
A,CEPA6,MIO_NAC,BA,,,,,,,,,,,,,,,,,0.1,,
A,CEPA6,MIO_NAC,BE,,,,,,,,,6.0,7.1,7.7,8.3,7.8,9.4,8.7,10.3,12.3,,
A,CEPA6,MIO_NAC,BG,,,,,,,,,0.0,0.0,0.0,0.0,0.0,0.0,0.0,0.0,0.0,,
A,CEPA6,MIO_NAC,CH,,,,,,,,,8.3,10.7,7.3,6.0,7.9,7.5,9.6,10.4,9.6,,
A,CEPA6,MIO_NAC,CY,,,,,,,,,,,,,0.0,0.0,0.0,0.0,0.0,,
A,CEPA6,MIO_NAC,CZ,,,,,,,,,,,,,25.8,17.6,12.4,7.8,0.2,,
A,CEPA6,MIO_NAC,DE,,,,,,,,,,,,,0.0,0.0,0.0,0.0,0.0,,
A,CEPA6,MIO_NAC,DK,,,,,,,,,,,,,0.0,0.0,0.0,0.0,0.0,,
A,CEPA6,MIO_NAC,EE,,,,,,,,,9.3,6.6,8.3,13.1,16.9,15.1,9.5,5.8,6.8,,
A,CEPA6,MIO_NAC,EL,,,,,,,,,0.0,0.0,0.0,0.0,0.0,0.0,0.0,0.0,0.0,,
A,CEPA6,MIO_NAC,ES,,,,,,,,,0.0,0.0,0.0,0.0,0.0,0.0,0.0,0.0,0.0,0.0,
A,CEPA6,MIO_NAC,EU27_2020,15.5,18.1,16.5,17.2,17.6,18.5,20.2,19.9,17.9,27.0,22.0,27.2,34.0,0.0,100.0,30.0,100.0,71.6,51.6
A,CEPA6,MIO_NAC,FI,,,,,,,,,0.0,0.0,0.0,0.0,0.0,0.0,0.0,0.0,0.0,,
A,CEPA6,MIO_NAC,FR,0.0,0.0,0.0,0.0,0.0,0.0,0.0,0.0,0.0,0.0,0.0,0.0,0.0,0.0,0.0,0.0,0.0,,
A,CEPA6,MIO_NAC,HR,,,,,,,,,0.0,0.0,0.0,0.0,0.0,0.0,0.0,0.0,0.1,,
A,CEPA6,MIO_NAC,HU,,,,,,,,,,,,,0.0,0.0,0.0,0.0,0.0,,
A,CEPA6,MIO_NAC,IE,,,,,,,,,0.0,0.0,0.0,0.0,0.0,0.0,0.0,0.0,0.0,,
A,CEPA6,MIO_NAC,IS,,,,,,,,,0.0,0.0,0.0,0.0,0.0,0.0,0.0,0.0,0.0,,
A,CEPA6,MIO_NAC,IT,,,,,,,,,,,2.0,2.4,2.4,2.8,2.1,2.9,3.1,,
A,CEPA6,MIO_NAC,LT,,,,,0.0,0.0,0.1,1.6,0.0,0.0,0.1,0.0,0.1,0.2,0.5,0.7,0.3,,
A,CEPA6,MIO_NAC,LU,,,,,,,,,0.0,0.0,0.0,0.0,0.0,0.0,0.0,0.0,0.0,,
A,CEPA6,MIO_NAC,LV,,,0.0,0.0,0.0,0.0,0.3,0.5,0.2,0.1,0.1,0.1,0.7,0.0,0.0,0.0,0.0,,
A,CEPA6,MIO_NAC,MK,,,,,,,,,,,,,,,104.0,39.7,,,
A,CEPA6,MIO_NAC,MT,,,,,,,,0.0,0.0,0.0,0.0,0.0,0.0,0.0,0.0,0.0,0.0,,
A,CEPA6,MIO_NAC,NL,,,,,,,,,,,,,0.0,0.0,0.0,0.0,0.0,,
A,CEPA6,MIO_NAC,NO,,,,,,,,,,,,,0.0,0.0,0.0,0.0,0.0,,
A,CEPA6,MIO_NAC,PL,,,,,0.0,0.0,0.0,0.0,0.0,0.0,0.0,0.6,0.1,0.0,0.0,0.0,0.0,,
A,CEPA6,MIO_NAC,PT,,,,,,,,,0.6,11.1,2.9,2.4,3.3,1.8,39.3,7.4,3.7,,
A,CEPA6,MIO_NAC,RO,0.0,6.4,0.1,0.0,0.3,0.0,4.2,0.0,0.0,0.0,0.0,0.0,0.0,0.0,0.0,0.0,0.3,,
A,CEPA6,MIO_NAC,RS,,,,,,,,,0.0,0.0,0.0,0.0,0.0,0.0,0.0,0.0,0.0,,
A,CEPA6,MIO_NAC,SE,,,,,,,,,,,0.0,0.0,0.0,0.0,0.0,0.0,0.0,,
A,CEPA6,MIO_NAC,SI,,,0.0,0.0,0.0,0.0,0.0,0.0,0.0,0.0,0.0,0.0,0.0,0.0,0.0,0.0,0.0,,
A,CEPA6,MIO_NAC,SK,,,,,,,,,,,,,0.1,,,0.1,,,
A,CEPA7,MIO_EUR,AT,,,,,,,,,0.0,0.0,0.0,0.0,0.2,0.1,0.1,0.1,0.2,,
A,CEPA7,MIO_EUR,BE,,,,,,,,,12.6,15.4,14.7,16.9,19.8,26.8,23.1,20.2,28.2,,
A,CEPA7,MIO_EUR,BG,,,,,,,,,0.0,0.0,0.0,0.0,0.0,0.0,0.0,0.0,0.0,,
A,CEPA7,MIO_EUR,CH,,,,,,,,,0.0,0.0,0.0,0.0,0.0,0.0,0.0,0.0,0.0,,
A,CEPA7,MIO_EUR,DE,,,,,,,,,,,,,,,0.0,0.0,0.0,,
A,CEPA7,MIO_EUR,EL,,,,,,,,,0.0,0.0,0.0,0.0,0.0,0.0,0.0,0.0,0.0,,
A,CEPA7,MIO_EUR,FI,,,,,,,,,,,,,0.0,0.0,0.0,0.0,0.0,,
A,CEPA7,MIO_EUR,FR,,,,,,,,,15.4,36.2,32.8,31.1,25.7,33.7,42.5,47.5,134.8,,
A,CEPA7,MIO_EUR,HR,,,,,,,,,0.0,0.0,0.0,0.0,,,,,,,
A,CEPA7,MIO_EUR,HU,,,,,,,,,,,,,,,,,0.0,,
A,CEPA7,MIO_EUR,LT,,,,,,,,,0.0,0.0,0.0,0.0,0.0,0.0,1.3,0.0,0.0,,
A,CEPA7,MIO_EUR,LU,,,,,,,,,0.0,0.0,0.0,0.0,0.0,0.0,0.0,0.0,0.0,,
A,CEPA7,MIO_EUR,MK,,,,,,,,,,,,,,,0.0,0.0,,,
A,CEPA7,MIO_EUR,MT,,,,,,,,,0.0,0.0,0.0,0.0,0.0,0.0,0.0,0.0,0.0,,
A,CEPA7,MIO_EUR,NL,,,,,,,,,,,,,0.0,0.0,0.0,0.0,0.0,,
A,CEPA7,MIO_EUR,PL,,,,,,,,,0.0,0.0,0.0,0.0,0.0,0.0,0.0,0.0,0.0,,
A,CEPA7,MIO_EUR,PT,,,,,,,,,0.0,0.0,0.0,0.0,0.0,0.0,0.0,0.0,0.0,,
A,CEPA7,MIO_EUR,RO,,,,,,,,,0.0,0.0,0.0,0.0,0.0,0.0,0.0,0.0,0.0,,
A,CEPA7,MIO_NAC,AT,,,,,,,,,0.0,0.0,0.0,0.0,0.2,0.1,0.1,0.1,0.2,,
A,CEPA7,MIO_NAC,BE,,,,,,,,,12.6,15.4,14.7,16.9,19.8,26.8,23.1,20.2,28.2,,
A,CEPA7,MIO_NAC,BG,,,,,,,,,0.0,0.0,0.0,0.0,0.0,0.0,0.0,0.0,0.0,,
A,CEPA7,MIO_NAC,CH,,,,,,,,,0.0,0.0,0.0,0.0,0.0,0.0,0.0,0.0,0.0,,
A,CEPA7,MIO_NAC,DE,,,,,,,,,,,,,,,0.0,0.0,0.0,,
A,CEPA7,MIO_NAC,EL,,,,,,,,,0.0,0.0,0.0,0.0,0.0,0.0,0.0,0.0,0.0,,
A,CEPA7,MIO_NAC,FI,,,,,,,,,,,,,0.0,0.0,0.0,0.0,0.0,,
A,CEPA7,MIO_NAC,FR,,,,,,,,,15.4,36.2,32.8,31.1,25.7,33.7,42.5,47.5,134.8,,
A,CEPA7,MIO_NAC,HR,,,,,,,,,0.0,0.0,0.0,0.0,,,,,,,
A,CEPA7,MIO_NAC,HU,,,,,,,,,,,,,,,,,0.0,,
A,CEPA7,MIO_NAC,LT,,,,,,,,,0.0,0.0,0.0,0.0,0.0,0.0,1.3,0.0,0.0,,
A,CEPA7,MIO_NAC,LU,,,,,,,,,0.0,0.0,0.0,0.0,0.0,0.0,0.0,0.0,0.0,,
A,CEPA7,MIO_NAC,MK,,,,,,,,,,,,,,,0.0,0.0,,,
A,CEPA7,MIO_NAC,MT,,,,,,,,,0.0,0.0,0.0,0.0,0.0,0.0,0.0,0.0,0.0,,
A,CEPA7,MIO_NAC,NL,,,,,,,,,,,,,0.0,0.0,0.0,0.0,0.0,,
A,CEPA7,MIO_NAC,PL,,,,,,,,,0.0,0.0,0.0,0.0,0.0,0.0,0.0,0.0,0.0,,
A,CEPA7,MIO_NAC,PT,,,,,,,,,0.0,0.0,0.0,0.0,0.0,0.0,0.0,0.0,0.0,,
A,CEPA7,MIO_NAC,RO,,,,,,,,,0.0,0.0,0.0,0.1,0.0,0.0,0.0,0.0,0.0,,
A,CEPA7-9,MIO_EUR,AT,,,,,,,,,62.0,67.9,69.0,88.2,109.3,131.4,152.6,166.1,224.9,,
A,CEPA7-9,MIO_EUR,BA,,,,,,,,,,,,,,,,,0.0,,
A,CEPA7-9,MIO_EUR,BE,,,,,,,,,35.0,39.8,42.8,43.6,42.8,54.7,49.1,46.3,58.6,,
A,CEPA7-9,MIO_EUR,BG,,,,,,,,,0.9,0.1,0.0,0.0,0.0,0.2,0.6,0.7,0.4,,
A,CEPA7-9,MIO_EUR,CH,,,,,,,,,28.1,39.3,22.4,18.5,24.8,19.3,37.5,36.2,35.1,,
A,CEPA7-9,MIO_EUR,CY,,,,,,,,,,,,,0.0,0.0,0.0,0.0,0.0,,
A,CEPA7-9,MIO_EUR,CZ,,,,,,,,,,,,,0.1,0.3,0.1,0.2,0.3,,
A,CEPA7-9,MIO_EUR,DE,,,,,,,,,,,,,0.0,0.0,0.0,0.0,0.0,,
A,CEPA7-9,MIO_EUR,DK,,,,,,,,,,,,,0.0,0.0,0.0,0.0,0.0,,
A,CEPA7-9,MIO_EUR,EE,,,,,,,,,1.7,3.1,2.7,2.4,0.3,0.2,2.6,1.1,0.5,,
A,CEPA7-9,MIO_EUR,EL,,,,,,,,,0.0,0.0,0.0,0.0,0.0,0.0,0.0,0.0,0.0,,
A,CEPA7-9,MIO_EUR,ES,,,,,,,,,0.0,0.0,0.0,0.0,0.0,0.0,0.0,0.0,0.0,0.0,
A,CEPA7-9,MIO_EUR,EU27_2020,295.2,295.2,272.1,262.1,284.1,299.8,316.0,270.0,926.5,840.1,715.1,722.6,700.0,881.0,800.1,893.8,1100.0,1073.1,1210.4
A,CEPA7-9,MIO_EUR,FI,,,,,,,,,0.0,0.0,0.0,0.0,0.0,0.0,0.0,0.0,0.0,,
A,CEPA7-9,MIO_EUR,FR,,,,,,,,,688.5,514.6,546.8,524.9,513.7,607.4,514.1,591.5,761.9,,
A,CEPA7-9,MIO_EUR,HR,,,,,,,,,0.0,0.0,0.0,0.0,0.0,0.0,0.0,0.0,0.0,,
A,CEPA7-9,MIO_EUR,HU,,,,,,,,,,,,,0.0,0.0,0.0,0.0,0.0,,
A,CEPA7-9,MIO_EUR,IE,,,,,,,,,0.0,0.0,0.0,0.0,0.0,0.0,0.0,0.0,0.0,,
A,CEPA7-9,MIO_EUR,IS,,,,,,,,,0.0,0.0,0.0,0.0,0.0,0.0,0.0,0.0,0.0,,
A,CEPA7-9,MIO_EUR,IT,,,,,,,,,,,35.6,44.2,44.6,43.0,41.4,44.5,55.2,,
A,CEPA7-9,MIO_EUR,LT,,,,,0.1,0.1,0.4,0.2,0.1,0.0,0.2,0.2,0.0,0.0,1.3,0.0,0.0,,
A,CEPA7-9,MIO_EUR,LU,,,,,,,,,0.0,0.0,0.0,0.0,0.0,0.0,0.0,0.0,0.0,,
A,CEPA7-9,MIO_EUR,LV,,,,,,,,,,,,,0.0,0.0,0.0,0.0,0.0,,
A,CEPA7-9,MIO_EUR,MK,,,,,,,,,,,,,,,0.3,0.1,,,
A,CEPA7-9,MIO_EUR,MT,,,,,,,,0.0,0.0,0.0,0.0,0.0,0.0,0.0,0.0,0.0,0.0,,
A,CEPA7-9,MIO_EUR,NL,,,,,,,,,,,,,0.0,0.0,0.0,0.0,0.0,,
A,CEPA7-9,MIO_EUR,NO,,,,,,,,,,,,,0.0,0.0,0.0,0.0,0.0,,
A,CEPA7-9,MIO_EUR,PL,,,,,0.5,0.6,0.9,0.7,1.4,1.0,0.6,0.5,1.0,2.8,1.8,0.5,0.6,,
A,CEPA7-9,MIO_EUR,PT,,,,,,,,,11.1,8.9,12.3,11.6,17.5,18.1,18.8,22.7,29.0,,
A,CEPA7-9,MIO_EUR,RO,1.0,0.1,0.0,0.6,0.2,0.5,0.6,1.9,1.5,55.0,0.3,0.0,0.1,0.0,0.0,0.0,0.0,,
A,CEPA7-9,MIO_EUR,RS,,,,,,,,,0.0,0.0,0.0,0.0,0.0,0.0,0.0,0.0,0.0,,
A,CEPA7-9,MIO_EUR,SE,,,,,,,,,,,0.0,0.0,0.0,0.0,0.0,0.0,0.0,,
A,CEPA7-9,MIO_EUR,SI,,,0.1,0.3,0.0,0.0,0.0,0.0,0.0,0.0,0.0,0.0,0.0,0.0,0.0,0.0,0.1,,
A,CEPA7-9,MIO_EUR,SK,,,,,,,,,,,4.8,6.8,,22.8,17.7,20.3,,,
A,CEPA7-9,MIO_NAC,AT,,,,,,,,,62.0,67.9,69.0,88.2,109.3,131.4,152.6,166.1,224.9,,
A,CEPA7-9,MIO_NAC,BA,,,,,,,,,,,,,,,,,0.1,,
A,CEPA7-9,MIO_NAC,BE,,,,,,,,,35.0,39.8,42.8,43.6,42.8,54.7,49.1,46.3,58.6,,
A,CEPA7-9,MIO_NAC,BG,,,,,,,,,0.9,0.1,0.0,0.0,0.0,0.2,0.6,0.7,0.4,,
A,CEPA7-9,MIO_NAC,CH,,,,,,,,,34.1,42.0,24.4,20.6,28.6,21.4,40.1,39.2,35.2,,
A,CEPA7-9,MIO_NAC,CY,,,,,,,,,,,,,0.0,0.0,0.0,0.0,0.0,,
A,CEPA7-9,MIO_NAC,CZ,,,,,,,,,,,,,1.5,6.6,3.2,5.6,6.9,,
A,CEPA7-9,MIO_NAC,DE,,,,,,,,,,,,,0.0,0.0,0.0,0.0,0.0,,
A,CEPA7-9,MIO_NAC,DK,,,,,,,,,,,,,0.0,0.0,0.0,0.0,0.0,,
A,CEPA7-9,MIO_NAC,EE,,,,,,,,,1.7,3.1,2.7,2.4,0.3,0.2,2.6,1.1,0.5,,
A,CEPA7-9,MIO_NAC,EL,,,,,,,,,0.0,0.0,0.0,0.0,0.0,0.0,0.0,0.0,0.0,,
A,CEPA7-9,MIO_NAC,ES,,,,,,,,,0.0,0.0,0.0,0.0,0.0,0.0,0.0,0.0,0.0,0.0,
A,CEPA7-9,MIO_NAC,EU27_2020,295.2,295.2,272.1,262.1,284.1,299.8,316.0,270.0,926.5,840.1,715.1,722.6,700.0,881.0,800.1,893.8,1100.0,1073.1,1210.4
A,CEPA7-9,MIO_NAC,FI,,,,,,,,,0.0,0.0,0.0,0.0,0.0,0.0,0.0,0.0,0.0,,
A,CEPA7-9,MIO_NAC,FR,,,,,,,,,688.5,514.6,546.8,524.9,513.7,607.4,514.1,591.5,761.9,,
A,CEPA7-9,MIO_NAC,HR,,,,,,,,,0.0,0.0,0.0,0.0,0.0,0.0,0.0,0.0,0.0,,
A,CEPA7-9,MIO_NAC,HU,,,,,,,,,,,,,0.0,0.0,0.0,0.0,0.0,,
A,CEPA7-9,MIO_NAC,IE,,,,,,,,,0.0,0.0,0.0,0.0,0.0,0.0,0.0,0.0,0.0,,
A,CEPA7-9,MIO_NAC,IS,,,,,,,,,0.0,0.0,0.0,0.0,0.0,0.0,0.0,0.0,0.0,,
A,CEPA7-9,MIO_NAC,IT,,,,,,,,,,,35.6,44.2,44.6,43.0,41.4,44.5,55.2,,
A,CEPA7-9,MIO_NAC,LT,,,,,0.1,0.1,0.4,0.2,0.1,0.0,0.2,0.2,0.0,0.0,1.3,0.0,0.0,,
A,CEPA7-9,MIO_NAC,LU,,,,,,,,,0.0,0.0,0.0,0.0,0.0,0.0,0.0,0.0,0.0,,
A,CEPA7-9,MIO_NAC,LV,,,,,,,,,,,,,0.0,0.0,0.0,0.0,0.0,,
A,CEPA7-9,MIO_NAC,MK,,,,,,,,,,,,,,,17.9,9.1,,,
A,CEPA7-9,MIO_NAC,MT,,,,,,,,0.0,0.0,0.0,0.0,0.0,0.0,0.0,0.0,0.0,0.0,,
A,CEPA7-9,MIO_NAC,NL,,,,,,,,,,,,,0.0,0.0,0.0,0.0,0.0,,
A,CEPA7-9,MIO_NAC,NO,,,,,,,,,,,,,0.0,0.0,0.0,0.0,0.0,,
A,CEPA7-9,MIO_NAC,PL,,,,,2.0,2.4,3.6,3.0,5.8,4.3,2.6,2.3,4.4,12.2,8.0,2.1,2.7,,
A,CEPA7-9,MIO_NAC,PT,,,,,,,,,11.1,8.9,12.3,11.6,17.5,18.1,18.8,22.7,29.0,,
A,CEPA7-9,MIO_NAC,RO,3.5,0.2,0.1,2.4,1.0,2.3,2.8,8.4,6.7,244.3,1.3,0.2,0.4,0.0,0.0,0.1,0.1,,
A,CEPA7-9,MIO_NAC,RS,,,,,,,,,0.0,0.0,0.0,0.0,0.0,0.0,0.0,0.0,0.0,,
A,CEPA7-9,MIO_NAC,SE,,,,,,,,,,,0.0,0.0,0.0,0.0,0.0,0.0,0.0,,
A,CEPA7-9,MIO_NAC,SI,,,0.1,0.3,0.0,0.0,0.0,0.0,0.0,0.0,0.0,0.0,0.0,0.0,0.0,0.0,0.1,,
A,CEPA7-9,MIO_NAC,SK,,,,,,,,,,,4.8,6.8,,22.8,17.7,20.3,,,
A,CEPA8,MIO_EUR,AT,,,,,,,,,10.4,12.9,15.5,23.4,32.8,30.5,59.4,57.3,85.2,,
A,CEPA8,MIO_EUR,BE,,,,,,,,,1.9,2.0,2.0,2.0,2.2,3.2,2.8,3.0,4.2,,
A,CEPA8,MIO_EUR,BG,,,,,,,,,0.9,0.0,0.0,0.0,0.0,0.0,0.0,0.0,0.2,,
A,CEPA8,MIO_EUR,CH,,,,,,,,,15.6,22.9,11.4,9.0,13.4,9.7,21.9,20.6,19.8,,
A,CEPA8,MIO_EUR,DE,,,,,,,,,,,,,,,0.0,0.0,0.0,,
A,CEPA8,MIO_EUR,EL,,,,,,,,,0.0,0.0,0.0,0.0,0.0,0.0,0.0,0.0,0.0,,
A,CEPA8,MIO_EUR,FI,,,,,,,,,,,,,0.0,0.0,0.0,0.0,0.0,,
A,CEPA8,MIO_EUR,FR,,,,,,,,,673.1,478.3,514.0,493.8,487.9,573.7,471.6,544.0,627.1,,
A,CEPA8,MIO_EUR,HR,,,,,,,,,0.0,0.0,0.0,0.0,,,,,,,
A,CEPA8,MIO_EUR,HU,,,,,,,,,,,,,,,,,0.0,,
A,CEPA8,MIO_EUR,LT,,,,,,,,,0.0,0.0,0.1,0.2,0.0,0.0,0.0,0.0,0.0,,
A,CEPA8,MIO_EUR,LU,,,,,,,,,0.0,0.0,0.0,0.0,0.0,0.0,0.0,0.0,0.0,,
A,CEPA8,MIO_EUR,MK,,,,,,,,,,,,,,,0.2,0.0,,,
A,CEPA8,MIO_EUR,MT,,,,,,,,,0.0,0.0,0.0,0.0,0.0,0.0,0.0,0.0,0.0,,
A,CEPA8,MIO_EUR,NL,,,,,,,,,,,,,0.0,0.0,0.0,0.0,0.0,,
A,CEPA8,MIO_EUR,PL,,,,,,,,,0.0,0.0,0.0,0.0,0.0,0.0,0.0,0.0,0.2,,
A,CEPA8,MIO_EUR,PT,,,,,,,,,10.8,7.9,12.1,11.2,16.9,17.5,18.2,22.1,27.9,,
A,CEPA8,MIO_EUR,RO,,,,,,,,,0.0,0.0,0.0,0.0,0.0,0.0,0.0,0.0,0.0,,
A,CEPA8,MIO_EUR,SI,,,,,,,,,0.0,0.0,0.0,0.0,0.0,,,,,,
A,CEPA8,MIO_NAC,AT,,,,,,,,,10.4,12.9,15.5,23.4,32.8,30.5,59.4,57.3,85.2,,
A,CEPA8,MIO_NAC,BE,,,,,,,,,1.9,2.0,2.0,2.0,2.2,3.2,2.8,3.0,4.2,,
A,CEPA8,MIO_NAC,BG,,,,,,,,,0.9,0.0,0.0,0.0,0.0,0.0,0.0,0.0,0.2,,
A,CEPA8,MIO_NAC,CH,,,,,,,,,18.9,24.4,12.4,10.0,15.5,10.8,23.5,22.3,19.9,,
A,CEPA8,MIO_NAC,DE,,,,,,,,,,,,,,,0.0,0.0,0.0,,
A,CEPA8,MIO_NAC,EL,,,,,,,,,0.0,0.0,0.0,0.0,0.0,0.0,0.0,0.0,0.0,,
A,CEPA8,MIO_NAC,FI,,,,,,,,,,,,,0.0,0.0,0.0,0.0,0.0,,
A,CEPA8,MIO_NAC,FR,,,,,,,,,673.1,478.3,514.0,493.8,487.9,573.7,471.6,544.0,627.1,,
A,CEPA8,MIO_NAC,HR,,,,,,,,,0.0,0.0,0.0,0.0,,,,,,,
A,CEPA8,MIO_NAC,HU,,,,,,,,,,,,,,,,,0.0,,
A,CEPA8,MIO_NAC,LT,,,,,,,,,0.0,0.0,0.1,0.2,0.0,0.0,0.0,0.0,0.0,,
A,CEPA8,MIO_NAC,LU,,,,,,,,,0.0,0.0,0.0,0.0,0.0,0.0,0.0,0.0,0.0,,
A,CEPA8,MIO_NAC,MK,,,,,,,,,,,,,,,14.1,0.3,,,
A,CEPA8,MIO_NAC,MT,,,,,,,,,0.0,0.0,0.0,0.0,0.0,0.0,0.0,0.0,0.0,,
A,CEPA8,MIO_NAC,NL,,,,,,,,,,,,,0.0,0.0,0.0,0.0,0.0,,
A,CEPA8,MIO_NAC,PL,,,,,,,,,0.0,0.1,0.0,0.0,0.0,0.1,0.1,0.2,0.9,,
A,CEPA8,MIO_NAC,PT,,,,,,,,,10.8,7.9,12.1,11.2,16.9,17.5,18.2,22.1,27.9,,
A,CEPA8,MIO_NAC,RO,,,,,,,,,0.0,0.0,0.0,0.0,0.2,0.0,0.0,0.0,0.0,,
A,CEPA8,MIO_NAC,SI,,,,,,,,,0.0,0.0,0.0,0.0,0.0,,,,,,
A,CEPA9,MIO_EUR,AT,,,,,,,,,51.6,55.0,53.4,64.8,76.4,100.9,93.1,108.6,139.5,,
A,CEPA9,MIO_EUR,BA,,,,,,,,,,,,,,,,,0.0,,
A,CEPA9,MIO_EUR,BE,,,,,,,,,20.5,22.4,26.2,24.8,20.8,24.7,23.2,23.1,26.3,,
A,CEPA9,MIO_EUR,BG,,,,,,,,,0.0,0.1,0.0,0.0,0.0,0.2,0.6,0.7,0.3,,
A,CEPA9,MIO_EUR,CH,,,,,,,,,12.6,16.4,11.0,9.5,11.4,9.6,15.5,15.6,15.3,,
A,CEPA9,MIO_EUR,DE,,,,,,,,,,,,,,,0.0,0.0,0.0,,
A,CEPA9,MIO_EUR,EL,,,,,,,,,0.0,0.0,0.0,0.0,0.0,0.0,0.0,0.0,0.0,,
A,CEPA9,MIO_EUR,FI,,,,,,,,,,,,,0.0,0.0,0.0,0.0,0.0,,
A,CEPA9,MIO_EUR,FR,,,,,,,,,0.0,0.0,0.0,0.0,0.0,0.0,0.0,0.0,0.0,,
A,CEPA9,MIO_EUR,HR,,,,,,,,,0.0,0.0,0.0,0.0,,,,,,,
A,CEPA9,MIO_EUR,HU,,,,,,,,,,,,,,,,,0.0,,
A,CEPA9,MIO_EUR,LT,,,,,,,,,0.0,0.0,0.1,0.1,0.0,0.0,0.0,0.0,0.0,,
A,CEPA9,MIO_EUR,LU,,,,,,,,,0.0,0.0,0.0,0.0,0.0,0.0,0.0,0.0,0.0,,
A,CEPA9,MIO_EUR,LV,,,,,,,,,,,,,0.0,0.0,,,,,
A,CEPA9,MIO_EUR,MK,,,,,,,,,,,,,,,0.1,0.1,,,
A,CEPA9,MIO_EUR,MT,,,,,,,,,0.0,0.0,0.0,0.0,0.0,0.0,0.0,0.0,0.0,,
A,CEPA9,MIO_EUR,NL,,,,,,,,,,,,,0.0,0.0,0.0,0.0,0.0,,
A,CEPA9,MIO_EUR,PL,,,,,,,,,1.4,1.0,0.6,0.5,1.0,2.8,1.8,0.4,0.4,,
A,CEPA9,MIO_EUR,PT,,,,,,,,,0.3,1.1,0.2,0.4,0.6,0.6,0.6,0.6,1.0,,
A,CEPA9,MIO_EUR,RO,,,,,,,,,1.5,55.0,0.3,0.0,0.0,0.0,0.0,0.0,0.0,,
A,CEPA9,MIO_EUR,SI,,,,,,,,,0.0,0.0,0.0,0.0,0.0,,,,,,
A,CEPA9,MIO_NAC,AT,,,,,,,,,51.6,55.0,53.4,64.8,76.4,100.9,93.1,108.6,139.5,,
A,CEPA9,MIO_NAC,BA,,,,,,,,,,,,,,,,,0.1,,
A,CEPA9,MIO_NAC,BE,,,,,,,,,20.5,22.4,26.2,24.8,20.8,24.7,23.2,23.1,26.3,,
A,CEPA9,MIO_NAC,BG,,,,,,,,,0.0,0.1,0.0,0.0,0.0,0.2,0.6,0.7,0.3,,
A,CEPA9,MIO_NAC,CH,,,,,,,,,15.3,17.5,12.0,10.6,13.2,10.7,16.6,16.9,15.4,,
A,CEPA9,MIO_NAC,DE,,,,,,,,,,,,,,,0.0,0.0,0.0,,
A,CEPA9,MIO_NAC,EL,,,,,,,,,0.0,0.0,0.0,0.0,0.0,0.0,0.0,0.0,0.0,,
A,CEPA9,MIO_NAC,FI,,,,,,,,,,,,,0.0,0.0,0.0,0.0,0.0,,
A,CEPA9,MIO_NAC,FR,,,,,,,,,0.0,0.0,0.0,0.0,0.0,0.0,0.0,0.0,0.0,,
A,CEPA9,MIO_NAC,HR,,,,,,,,,0.0,0.0,0.0,0.0,,,,,,,
A,CEPA9,MIO_NAC,HU,,,,,,,,,,,,,,,,,0.0,,
A,CEPA9,MIO_NAC,LT,,,,,,,,,0.0,0.0,0.1,0.1,0.0,0.0,0.0,0.0,0.0,,
A,CEPA9,MIO_NAC,LU,,,,,,,,,0.0,0.0,0.0,0.0,0.0,0.0,0.0,0.0,0.0,,
A,CEPA9,MIO_NAC,LV,,,,,,,,,,,,,0.0,0.0,,,,,
A,CEPA9,MIO_NAC,MK,,,,,,,,,,,,,,,3.8,8.8,,,
A,CEPA9,MIO_NAC,MT,,,,,,,,,0.0,0.0,0.0,0.0,0.0,0.0,0.0,0.0,0.0,,
A,CEPA9,MIO_NAC,NL,,,,,,,,,,,,,0.0,0.0,0.0,0.0,0.0,,
A,CEPA9,MIO_NAC,PL,,,,,,,,,5.8,4.2,2.6,2.3,4.4,12.1,7.9,1.9,1.8,,
A,CEPA9,MIO_NAC,PT,,,,,,,,,0.3,1.1,0.2,0.4,0.6,0.6,0.6,0.6,1.0,,
A,CEPA9,MIO_NAC,RO,,,,,,,,,6.7,244.3,1.3,0.1,0.2,0.0,0.0,0.1,0.1,,
A,CEPA9,MIO_NAC,SI,,,,,,,,,0.0,0.0,0.0,0.0,0.0,,,,,,
A,TOT_CEPA,MIO_EUR,AT,,,,,,,,,401.3,414.4,406.0,884.4,997.0,1075.1,1048.1,1279.6,1303.5,,
A,TOT_CEPA,MIO_EUR,BA,,,,,,,,,,,,,,,,,3.6,,
A,TOT_CEPA,MIO_EUR,BE,,,,,,,,,773.5,742.0,805.0,907.5,1099.2,1162.3,1069.8,946.4,1229.7,,
A,TOT_CEPA,MIO_EUR,BG,,,,,,,,,34.4,56.3,37.9,32.3,14.5,13.9,11.5,27.1,75.1,,
A,TOT_CEPA,MIO_EUR,CH,,,,,,,,,407.7,449.6,466.6,430.8,444.6,460.4,533.2,537.6,579.8,,
A,TOT_CEPA,MIO_EUR,CY,,,,,93.2,92.7,92.1,87.7,14.8,24.4,15.4,39.3,1.8,1.6,1.4,5.8,4.4,,
A,TOT_CEPA,MIO_EUR,CZ,,,,,,,,,,,,,321.5,356.0,340.1,372.5,434.6,,
A,TOT_CEPA,MIO_EUR,DE,,,,,5235.0,5359.0,5477.0,5197.0,5921.0,5549.0,5742.0,6451.8,7381.6,7417.9,7975.1,7383.2,8209.5,,
A,TOT_CEPA,MIO_EUR,DK,458.8,586.5,710.4,581.0,742.2,790.7,859.5,942.6,681.3,1283.0,1223.5,1409.7,1048.2,1074.5,1265.1,1338.7,1419.9,,
A,TOT_CEPA,MIO_EUR,EE,,,,,,,,,113.3,83.3,65.9,78.5,75.7,78.3,105.3,97.5,96.9,,
A,TOT_CEPA,MIO_EUR,EL,,,,,,,,,68.7,59.3,44.9,38.1,42.3,42.4,34.3,118.9,132.8,,
A,TOT_CEPA,MIO_EUR,ES,,,,,1248.4,690.0,686.7,539.6,580.0,614.8,595.9,756.6,890.6,887.0,870.6,854.6,953.9,998.0,
A,TOT_CEPA,MIO_EUR,EU27_2020,16035.2,16475.9,16839.1,15715.2,16449.8,16325.9,16466.4,14957.1,16100.0,17000.0,15600.0,17300.0,19416.0,20801.7,20685.7,21845.5,24590.3,25722.6,26079.3
A,TOT_CEPA,MIO_EUR,FI,,,,,,,,,310.0,307.0,374.0,257.0,332.0,285.0,302.0,472.0,289.0,,
A,TOT_CEPA,MIO_EUR,FR,,,,,,,,,1760.3,1328.4,1400.8,1352.4,1430.9,1916.3,1601.7,1775.4,1926.6,,
A,TOT_CEPA,MIO_EUR,HR,,,,,,,,,39.3,37.1,51.2,40.8,48.3,50.8,49.3,52.8,48.9,,
A,TOT_CEPA,MIO_EUR,HU,,,,,,,,,448.1,583.3,217.8,209.3,245.9,396.7,337.9,344.8,430.0,,
A,TOT_CEPA,MIO_EUR,IE,,,,,,,,,43.7,45.9,49.7,38.3,39.4,36.4,36.4,77.7,55.4,,
A,TOT_CEPA,MIO_EUR,IS,,,,,,,,,11.7,17.6,28.1,23.2,27.6,56.6,30.3,33.5,39.8,,
A,TOT_CEPA,MIO_EUR,IT,,,,,,,,,,,2370.1,2611.3,2853.8,3138.6,2959.8,3716.5,4428.2,,
A,TOT_CEPA,MIO_EUR,LT,,,,,107.3,105.9,76.4,67.8,78.3,69.2,67.6,37.5,46.2,81.6,101.6,209.5,113.6,,
A,TOT_CEPA,MIO_EUR,LU,,,83.0,94.1,69.7,88.9,87.1,116.3,126.6,120.7,135.6,182.0,209.5,202.0,207.1,217.0,241.1,,
A,TOT_CEPA,MIO_EUR,LV,,,,,,,,,,,,,38.5,64.3,66.4,76.4,85.4,,
A,TOT_CEPA,MIO_EUR,MK,,,,,,,,,,,,,,,63.4,79.7,,,
A,TOT_CEPA,MIO_EUR,MT,,,,,,,,1.5,1.4,9.2,1.4,4.0,23.8,29.1,26.9,29.8,33.2,,
A,TOT_CEPA,MIO_EUR,NL,,,,,,,,442.0,396.0,507.0,582.0,511.0,785.0,743.0,684.0,764.5,828.0,,
A,TOT_CEPA,MIO_EUR,NO,,,,,,,,,,,,,126.6,151.6,146.7,212.2,226.8,,
A,TOT_CEPA,MIO_EUR,PL,,,,,728.0,552.7,881.6,656.9,1020.7,1172.2,333.6,359.9,507.2,697.0,630.9,665.1,743.4,,
A,TOT_CEPA,MIO_EUR,PT,,,,,,,,,135.7,225.6,127.1,179.8,309.2,312.2,422.3,430.4,508.5,,
A,TOT_CEPA,MIO_EUR,RO,76.2,134.5,114.6,61.5,83.4,90.9,68.7,55.3,50.7,115.8,28.5,30.4,57.4,62.7,73.2,104.8,175.7,,
A,TOT_CEPA,MIO_EUR,RS,,,,,,,,,31.3,30.2,31.1,29.1,30.1,36.6,34.6,39.0,62.4,,
A,TOT_CEPA,MIO_EUR,SE,189.8,225.4,272.5,204.1,201.3,309.3,268.8,267.9,314.3,372.0,419.7,330.3,383.0,431.6,314.9,342.5,560.7,,
A,TOT_CEPA,MIO_EUR,SI,,,31.5,53.1,14.9,10.3,9.9,15.3,25.7,82.1,32.2,12.2,13.9,12.5,12.2,13.9,16.1,,
A,TOT_CEPA,MIO_EUR,SK,,,,,,,,,,,253.6,215.8,219.5,232.6,137.6,128.2,246.5,,
A,TOT_CEPA,MIO_NAC,AT,,,,,,,,,401.3,414.4,406.0,884.4,997.0,1075.1,1048.1,1279.6,1303.5,,
A,TOT_CEPA,MIO_NAC,BA,,,,,,,,,,,,,,,,,7.0,,
A,TOT_CEPA,MIO_NAC,BE,,,,,,,,,773.5,742.0,805.0,907.5,1099.2,1162.3,1069.8,946.4,1229.7,,
A,TOT_CEPA,MIO_NAC,BG,,,,,,,,,34.4,56.3,37.9,32.3,14.5,13.9,11.5,27.1,75.1,,
A,TOT_CEPA,MIO_NAC,CH,,,,,,,,,495.1,480.1,508.7,478.9,513.5,512.2,570.7,581.2,582.5,,
A,TOT_CEPA,MIO_NAC,CY,,,,,93.2,92.7,92.1,87.7,14.8,24.4,15.4,39.3,1.8,1.6,1.4,5.8,4.4,,
A,TOT_CEPA,MIO_NAC,CZ,,,,,,,,,,,,,8244.9,9139.4,8996.9,9552.1,10676.2,,
A,TOT_CEPA,MIO_NAC,DE,,,,,5235.0,5359.0,5477.0,5197.0,5921.0,5549.0,5742.0,6451.8,7381.6,7417.9,7975.1,7383.2,8209.5,,
A,TOT_CEPA,MIO_NAC,DK,3422.4,4369.9,5296.9,4326.3,5527.4,5891.4,6397.9,7029.7,5079.0,9569.7,9109.1,10486.1,7812.4,8022.5,9430.2,9955.6,10563.3,,
A,TOT_CEPA,MIO_NAC,EE,,,,,,,,,113.3,83.3,65.9,78.5,75.7,78.3,105.3,97.5,96.9,,
A,TOT_CEPA,MIO_NAC,EL,,,,,,,,,68.7,59.3,44.9,38.1,42.3,42.4,34.3,118.9,132.8,,
A,TOT_CEPA,MIO_NAC,ES,,,,,1248.4,690.0,686.7,539.6,580.0,614.8,595.9,756.6,890.6,887.0,870.6,854.6,953.9,998.0,
A,TOT_CEPA,MIO_NAC,EU27_2020,16035.2,16475.9,16839.1,15715.2,16449.8,16325.9,16466.4,14957.1,16100.0,17000.0,15600.0,17300.0,19416.0,20801.7,20685.7,21845.5,24590.3,25722.6,26079.3
A,TOT_CEPA,MIO_NAC,FI,,,,,,,,,310.0,307.0,374.0,257.0,332.0,285.0,302.0,472.0,289.0,,
A,TOT_CEPA,MIO_NAC,FR,,,,,,,,,1760.3,1328.4,1400.8,1352.4,1430.9,1916.3,1601.7,1775.4,1926.6,,
A,TOT_CEPA,MIO_NAC,HR,,,,,,,,,39.8,37.5,51.2,40.4,47.6,50.1,49.3,52.8,48.9,,
A,TOT_CEPA,MIO_NAC,HU,,,,,,,,,138340.9,180833.4,67837.4,64705.9,78429.9,129042.2,118692.7,123625.8,168255.7,,
A,TOT_CEPA,MIO_NAC,IE,,,,,,,,,43.7,45.9,49.7,38.3,39.4,36.4,36.4,77.7,55.4,,
A,TOT_CEPA,MIO_NAC,IS,,,,,,,,,1810.0,2582.0,3748.8,2799.7,3532.9,7765.0,4687.0,5026.8,5657.6,,
A,TOT_CEPA,MIO_NAC,IT,,,,,,,,,,,2370.1,2611.3,2853.8,3138.6,2959.8,3716.5,4428.2,,
A,TOT_CEPA,MIO_NAC,LT,,,,,107.3,105.9,76.4,67.8,78.3,69.2,67.6,37.5,46.2,81.6,101.6,209.5,113.6,,
A,TOT_CEPA,MIO_NAC,LU,,,83.0,94.1,69.7,88.9,87.1,116.3,126.6,120.7,135.6,182.0,209.5,202.0,207.1,217.0,241.1,,
A,TOT_CEPA,MIO_NAC,LV,,,,,,,,,,,,,38.5,64.3,66.4,76.4,85.4,,
A,TOT_CEPA,MIO_NAC,MK,,,,,,,,,,,,,,,3911.3,4913.8,,,
A,TOT_CEPA,MIO_NAC,MT,,,,,,,,1.5,1.4,9.2,1.4,4.0,23.8,29.1,26.9,29.8,33.2,,
A,TOT_CEPA,MIO_NAC,NL,,,,,,,,442.0,396.0,507.0,582.0,511.0,785.0,743.0,684.0,764.5,828.0,,
A,TOT_CEPA,MIO_NAC,NO,,,,,,,,,,,,,1215.0,1493.0,1573.0,2157.0,2291.0,,
A,TOT_CEPA,MIO_NAC,PL,,,,,2908.2,2277.6,3689.2,2757.5,4270.9,4904.4,1455.8,1531.9,2161.4,2995.6,2803.3,3036.5,3483.6,,
A,TOT_CEPA,MIO_NAC,PT,,,,,,,,,135.7,225.6,127.1,179.8,309.2,312.2,422.3,430.4,508.5,,
A,TOT_CEPA,MIO_NAC,RO,268.7,448.5,422.0,261.0,351.4,385.2,306.2,244.3,225.4,515.0,128.1,138.9,267.2,297.4,354.2,515.9,866.3,,
A,TOT_CEPA,MIO_NAC,RS,,,,,,,,,3667.2,3640.4,3829.7,3531.6,3559.8,4317.4,4074.0,4584.6,7331.1,,
A,TOT_CEPA,MIO_NAC,SE,1756.1,2085.2,2620.4,2167.3,1920.1,2793.1,2339.5,2317.4,2860.0,3479.8,3974.5,3182.1,3929.1,4570.3,3302.1,3474.7,5960.0,,
A,TOT_CEPA,MIO_NAC,SI,,,31.5,53.1,14.9,10.3,9.9,15.3,25.7,82.1,32.2,12.2,13.9,12.5,12.2,13.9,16.1,,
A,TOT_CEPA,MIO_NAC,SK,,,,,,,,,,,253.6,215.8,219.5,232.6,137.6,128.2,246.5,,
